,RoundCode,SessionCode,maxRed,maxBlue,maxGreen,maxOrange,maxPurple,maxYellow,maxMagenta,maxBlack,maxCyan,maxPink,maxSilver,maxTeal,maxBeige,maxOlive,maxBrown,totalClicks,Time1move,Time2move,Time3move,Time4move,Time5move,Time6move
0,2,emxl0g1y,0,0,5,3,0,0,0,0,0,0,0,0,0,0,0,10,3.994,5.497,7.072,3.947,6.809,3.862
1,3,emxl0g1y,0,0,0,0,5,4,0,0,0,0,0,0,0,0,0,13,3.261,6.013,8.858,4.04,4.494,3.894
2,4,emxl0g1y,0,0,0,0,0,0,4,5,0,0,0,0,0,0,0,17,2.519,8.834,5.332,3.156,8.602,2.865
3,5,emxl0g1y,3,5,0,0,0,0,0,0,0,0,0,0,0,0,0,15,2.76,3.715,4.48,5.196,4.363,4.798
4,6,emxl0g1y,0,0,1,0,0,0,0,0,5,1,0,0,0,0,0,8,2.306,6.136,4.066,5.536,3.762,3.029
5,7,emxl0g1y,0,0,0,0,0,1,0,0,0,0,3,5,0,0,0,10,3.286,5.977,5.623,3.321,3.972,2.938
6,8,emxl0g1y,0,0,0,0,0,0,3,3,0,0,0,0,5,3,0,19,3.54,3.556,3.656,3.64,3.525,4.91
7,9,emxl0g1y,5,0,0,0,0,0,0,0,0,0,0,0,0,0,3,10,3.725,3.763,14.304,4.195,4.179,3.424
8,10,emxl0g1y,0,0,5,1,0,0,0,0,0,0,0,0,0,0,0,7,3.614,7.582,6.934,3.161,3.34,2.708
9,11,emxl0g1y,0,0,0,0,0,5,0,0,0,0,0,0,0,0,0,6,5.245,3.055,4.205,2.654,3.556,2.153
10,12,emxl0g1y,0,0,0,0,0,0,1,5,0,0,0,0,0,0,0,7,2.468,2.838,3.502,2.622,3.223,1.898
11,13,emxl0g1y,2,5,0,0,0,0,0,0,0,0,0,0,0,0,0,9,3.362,4.627,4.827,2.96,8.135,2.459
12,14,emxl0g1y,0,0,0,3,0,0,0,0,5,2,0,0,0,0,0,16,6.195,3.573,4.506,5.161,3.727,2.523
13,15,emxl0g1y,0,0,0,0,2,3,0,0,0,0,5,5,0,0,0,38,3.053,4.858,5.888,3.069,3.122,3.006
14,16,emxl0g1y,0,0,0,0,0,0,4,5,0,0,0,0,0,1,0,15,2.586,3.471,6.228,2.986,3.355,5.712
15,17,emxl0g1y,3,5,0,0,0,0,0,0,0,0,0,0,0,0,2,17,4.965,7.144,5.565,2.655,3.225,4.195
16,2,8uz9cuas,0,0,5,0,0,0,0,0,0,0,0,0,0,0,0,6,1.71,3.963,4.768,10.803,2.675,2.891
17,3,8uz9cuas,0,0,0,0,5,0,0,0,0,0,0,0,0,0,0,6,1.815,4.124,5.882,9.288,3.476,4.678
18,4,8uz9cuas,0,0,0,0,0,0,5,1,0,0,0,0,0,0,0,11,1.72,4.373,3.555,12.063,3.971,3.639
19,5,8uz9cuas,5,1,0,0,0,0,0,0,0,0,0,0,0,0,0,7,1.542,4.048,3.932,5.698,3.207,3.129
20,6,8uz9cuas,0,0,0,0,0,0,0,0,5,0,0,0,0,0,0,6,1.535,3.11,3.061,6.848,4.295,4.896
21,7,8uz9cuas,0,0,0,0,1,0,0,0,0,0,0,5,0,0,0,7,1.857,8.689,3.876,5.851,2.798,3.529
22,8,8uz9cuas,0,0,0,0,0,0,5,1,0,0,0,0,0,0,0,7,1.889,3.507,5.451,5.413,3.095,1.071
23,9,8uz9cuas,0,0,0,0,0,0,0,0,0,0,0,0,0,0,0,6,2.406,4.197,4.234,8.305,7.257,6.139
24,10,8uz9cuas,0,0,5,0,0,0,0,0,0,0,0,0,0,0,0,6,2.059,4.125,2.644,5.952,3.774,3.74
25,11,8uz9cuas,0,0,0,0,5,1,0,0,0,0,0,0,0,0,0,7,1.789,5.476,2.607,5.06,2.707,3.81
26,12,8uz9cuas,0,0,0,0,0,0,5,1,0,0,0,0,0,0,0,7,2.005,3.27,2.569,4.502,2.684,3.756
27,13,8uz9cuas,5,2,0,0,0,0,0,0,0,0,0,0,0,0,0,8,4.483,4.536,2.076,5.316,2.107,4.514
28,14,8uz9cuas,0,0,1,0,0,0,0,0,5,3,0,0,0,0,0,11,1.848,2.374,1.805,5.635,2.628,3.931
29,15,8uz9cuas,0,0,0,0,5,0,0,0,0,0,0,2,0,0,0,9,1.921,4.341,2.29,5.612,2.422,3.71
30,16,8uz9cuas,0,0,0,0,0,0,5,0,0,0,0,0,0,0,0,6,1.904,3.656,2.537,3.424,2.706,3.125
31,17,8uz9cuas,5,0,0,0,0,0,0,0,0,0,0,0,0,0,0,7,1.989,2.553,2.59,4.252,2.891,4.394
32,2,s3mxv2mt,0,0,1,5,0,0,0,0,0,0,0,0,0,0,0,8,4.674,11.805,3.671,10.005,7.229,2.691
33,3,s3mxv2mt,0,0,0,0,5,1,0,0,0,0,0,0,0,0,0,7,3.159,7.114,3.46,7.052,5.179,2.807
34,4,s3mxv2mt,0,0,0,0,0,0,1,5,0,0,0,0,0,0,0,7,2.442,15.704,3.175,13.831,5.464,2.389
35,5,s3mxv2mt,0,5,0,0,0,0,0,0,0,0,0,0,0,0,0,6,5.012,6.798,5.059,6.766,5.044,2.87
36,6,s3mxv2mt,0,0,5,0,0,0,0,0,0,1,0,0,0,0,0,7,2.792,10.842,2.777,8.478,4.928,2.491
37,7,s3mxv2mt,0,0,0,0,0,1,0,0,0,0,0,5,0,0,0,7,3.809,9.938,4.664,8.557,6.145,3.925
38,8,s3mxv2mt,0,0,0,0,0,0,5,0,0,0,0,0,0,5,0,13,2.675,4.864,3.439,4.88,3.624,2.074
39,9,s3mxv2mt,5,3,0,0,0,0,0,0,0,0,0,0,0,0,0,10,3.978,15.247,3.708,7.534,11.544,3.94
40,10,s3mxv2mt,0,0,3,5,0,0,0,0,0,0,0,0,0,0,0,23,2.806,6.671,6.84,8.113,6.592,3.007
41,11,s3mxv2mt,0,0,0,0,3,5,0,0,0,0,0,0,0,0,0,9,3.624,7.234,3.339,7.898,3.672,3.423
42,12,s3mxv2mt,0,0,0,0,0,0,1,5,0,0,0,0,0,0,0,7,2.77,6.231,2.707,4.443,4.089,2.808
43,13,s3mxv2mt,2,5,0,0,0,0,0,0,0,0,0,0,0,0,0,10,2.918,11.825,2.671,9.484,3.171,4.538
44,14,s3mxv2mt,0,0,5,0,0,0,0,0,1,2,0,0,0,0,0,9,2.164,5.681,2.839,12.636,3.822,2.697
45,15,s3mxv2mt,0,0,0,0,0,3,0,0,0,0,2,5,0,0,0,20,2.459,5.868,2.19,4.997,3.994,3.662
46,16,s3mxv2mt,0,0,0,0,0,0,0,5,0,0,0,0,0,0,0,6,4.357,5.891,4.226,6.377,4.473,2.954
47,17,s3mxv2mt,5,0,0,0,0,0,0,0,0,0,0,0,0,0,1,7,4.753,6.74,2.407,5.339,5.455,3.965
48,2,wdt8k9cv,0,0,5,0,0,0,0,0,0,0,0,0,0,0,0,6,3.947,11.944,2.021,3.435,0.671,4.163
49,3,wdt8k9cv,0,0,0,0,5,0,0,0,0,0,0,0,0,0,0,6,5.447,8.192,4.06,3.875,0.717,7.106
50,4,wdt8k9cv,0,0,0,0,0,0,5,2,0,0,0,0,0,0,0,9,5.127,7.632,2.035,3.391,0.717,5.844
51,5,wdt8k9cv,5,2,0,0,0,0,0,0,0,0,0,0,0,0,0,8,3.127,4.283,2.811,4.854,0.744,7.161
52,6,wdt8k9cv,0,0,0,0,0,0,0,0,5,0,0,0,0,0,0,6,3.909,5.151,2.053,3.772,0.85,5.33
53,7,wdt8k9cv,0,0,0,0,0,0,0,0,0,0,0,5,0,0,0,6,2.691,4.173,2.891,3.678,0.902,5.182
54,8,wdt8k9cv,0,0,0,0,0,0,1,3,0,0,0,0,0,5,0,15,3.211,4.73,2.309,3.142,0.796,7.623
55,9,wdt8k9cv,5,4,0,0,0,0,0,0,0,0,0,0,0,0,0,15,5.445,6.478,4.658,3.494,4.896,6.084
56,10,wdt8k9cv,0,0,4,5,0,0,0,0,0,0,0,0,0,0,0,13,2.569,4.958,2.4,4.889,4.858,4.936
57,11,wdt8k9cv,0,0,0,0,5,1,0,0,0,0,0,0,0,0,0,8,3.138,3.26,3.187,2.691,2.744,5.449
58,12,wdt8k9cv,0,0,0,0,0,0,5,2,0,0,0,0,0,0,0,12,6.448,3.024,2.676,3.873,3.372,4.748
59,13,wdt8k9cv,5,0,0,0,0,0,0,0,0,0,0,0,0,0,0,6,6.246,3.224,1.921,3.271,2.923,3.339
60,14,wdt8k9cv,0,0,1,0,0,0,0,0,5,1,0,0,0,0,0,10,2.439,3.165,1.72,2.827,2.745,3.544
61,15,wdt8k9cv,0,0,0,0,0,2,0,0,0,0,3,5,0,0,0,14,2.7,2.584,2.722,4.874,3.27,8.299
62,16,wdt8k9cv,0,0,0,0,0,0,5,1,0,0,0,0,0,2,0,9,4.359,4.967,1.887,2.661,3.964,6.075
63,17,wdt8k9cv,5,3,0,0,0,0,0,0,0,0,0,0,0,0,0,12,2.523,2.839,2.581,4.867,2.566,4.434
64,2,73kurx3q,0,0,5,2,0,0,0,0,0,0,0,0,0,0,0,8,4.282,15.936,6.65,4.86,7.536,7.714
65,3,73kurx3q,0,0,0,0,1,5,0,0,0,0,0,0,0,0,0,7,3.794,7.132,5.651,4.865,2.961,3.725
66,4,73kurx3q,0,0,0,0,0,0,0,5,0,0,0,0,0,0,0,6,5.743,3.958,4.841,2.205,2.938,2.79
67,5,73kurx3q,5,0,0,0,0,0,0,0,0,0,0,0,0,0,0,6,4.209,7.332,3.661,2.004,2.289,1.873
68,6,73kurx3q,0,0,0,1,0,0,0,0,5,1,0,0,0,0,0,10,4.703,13.351,9.556,2.19,3.864,2.059
69,7,73kurx3q,0,0,0,0,0,1,0,0,0,0,3,5,0,0,0,12,4.78,8.875,4.125,1.973,4.263,2.236
70,8,73kurx3q,0,0,0,0,0,0,2,5,0,0,0,0,1,2,0,15,2.74,20.031,4.913,1.976,4.882,4.85
71,9,73kurx3q,5,2,0,0,0,0,0,0,0,0,0,0,0,0,2,14,5.097,10.436,7.116,4.041,4.257,2.591
72,10,73kurx3q,0,0,5,4,0,0,0,0,0,0,0,0,0,0,0,14,2.961,10.68,5.228,2.46,2.807,3.378
73,11,73kurx3q,0,0,0,0,0,5,0,0,0,0,0,0,0,0,0,6,3.962,4.281,3.927,1.938,3.379,2.337
74,12,73kurx3q,0,0,0,0,0,0,0,5,0,0,0,0,0,0,0,6,7.642,6.392,4.372,2.282,3.116,2.035
75,13,73kurx3q,5,1,0,0,0,0,0,0,0,0,0,0,0,0,0,7,6.935,4.532,3.73,2.063,3.53,2.225
76,14,73kurx3q,0,0,0,1,0,0,0,0,5,0,0,0,0,0,0,9,6.699,6.163,3.873,1.746,3.904,4.72
77,15,73kurx3q,0,0,0,0,0,1,0,0,0,0,4,5,0,0,0,25,6.595,19.22,4.812,2.754,2.924,2.638
78,16,73kurx3q,0,0,0,0,0,0,3,5,0,0,0,0,0,0,0,15,5.854,9.052,4.81,3.483,3.085,5.066
79,17,73kurx3q,5,4,0,0,0,0,0,0,0,0,0,0,0,0,2,17,4.613,11.485,2.375,1.941,4.08,2.538
80,2,hq3wc0gn,0,0,5,2,0,0,0,0,0,0,0,0,0,0,0,8,3.556,37.086,2.838,7.444,11.987,4.754
81,3,hq3wc0gn,0,0,0,0,5,0,0,0,0,0,0,0,0,0,0,6,4.225,4.294,3.033,6.113,7.67,5.411
82,4,hq3wc0gn,0,0,0,0,0,0,1,5,0,0,0,0,0,0,0,9,18.857,7.466,3.039,5.059,17.352,5.109
83,5,hq3wc0gn,1,5,0,0,0,0,0,0,0,0,0,0,0,0,0,7,3.075,11.865,2.744,4.617,5.582,3.245
84,6,hq3wc0gn,0,0,3,0,0,0,0,0,5,0,0,0,0,0,0,21,4.279,6.284,4.241,4.295,8.551,4.257
85,7,hq3wc0gn,0,0,0,0,5,0,0,0,0,0,2,0,0,0,0,10,4.188,8.693,2.884,4.905,4.642,2.706
86,8,hq3wc0gn,0,0,0,0,0,0,5,4,0,0,0,0,0,0,0,15,3.038,6.431,2.275,2.891,6.416,3.424
87,9,hq3wc0gn,5,4,0,0,0,0,0,0,0,0,0,0,0,0,0,22,2.475,10.324,2.86,4.843,2.923,2.221
88,10,hq3wc0gn,0,0,3,5,0,0,0,0,0,0,0,0,0,0,0,9,2.437,7.511,2.105,3.223,2.838,2.052
89,11,hq3wc0gn,0,0,0,0,4,5,0,0,0,0,0,0,0,0,0,16,2.355,5.81,1.996,2.987,3.087,2.223
90,12,hq3wc0gn,0,0,0,0,0,0,0,5,0,0,0,0,0,0,0,6,2.628,5.211,2.822,2.791,2.744,2.242
91,13,hq3wc0gn,5,2,0,0,0,0,0,0,0,0,0,0,0,0,0,9,2.444,11.428,2.591,2.375,6.517,2.174
92,14,hq3wc0gn,0,0,1,0,0,0,0,0,5,0,0,0,0,0,0,7,2.353,7.403,2.406,4.897,4.311,2.227
93,15,hq3wc0gn,0,0,0,0,1,4,0,0,0,0,4,3,0,0,0,26,2.469,7.174,2.769,3.471,3.286,2.221
94,16,hq3wc0gn,0,0,0,0,0,0,2,5,0,0,0,0,0,1,0,10,2.638,5.777,2.669,3.625,3.872,2.353
95,17,hq3wc0gn,5,1,0,0,0,0,0,0,0,0,0,0,0,0,0,9,2.537,8.171,2.067,6.369,6.038,1.905
96,2,esajw93t,0,0,1,5,0,0,0,0,0,0,0,0,0,0,0,7,5.604,5.966,4.31,5.534,8.14,11.391
97,3,esajw93t,0,0,0,0,5,0,0,0,0,0,0,0,0,0,0,6,7.461,6.308,4.053,13.02,8.741,3.194
98,4,esajw93t,0,0,0,0,0,0,4,5,0,0,0,0,0,0,0,15,7.249,5.213,3.927,4.811,9.786,2.954
99,5,esajw93t,1,5,0,0,0,0,0,0,0,0,0,0,0,0,0,7,3.855,5.201,3.037,2.884,8.065,2.968
100,6,esajw93t,0,0,0,0,0,0,0,0,5,3,0,0,0,0,0,17,7.46,4.543,3.377,14.884,11.407,3.74
101,7,esajw93t,0,0,0,0,5,0,0,0,0,0,0,3,0,0,0,13,4.88,8.147,3.539,6.869,23.203,3.276
102,8,esajw93t,0,0,0,0,0,0,3,5,0,0,0,0,0,1,0,10,5.836,7.102,2.691,13.971,22.264,4.493
103,9,esajw93t,1,0,0,0,0,0,0,0,0,0,0,0,0,0,5,10,4.341,3.37,3.454,3.354,17.611,2.452
104,10,esajw93t,0,0,5,0,0,0,0,0,0,0,0,0,0,0,0,6,4.657,5.506,3.508,4.927,6.277,2.236
105,11,esajw93t,0,0,0,0,2,5,0,0,0,0,0,0,0,0,0,9,6.078,3.255,3.27,9.706,11.056,2.722
106,12,esajw93t,0,0,0,0,0,0,5,0,0,0,0,0,0,0,0,6,6.468,1.952,2.977,5.081,7.833,3.734
107,13,esajw93t,0,5,0,0,0,0,0,0,0,0,0,0,0,0,0,6,7.48,6.172,6.315,6.231,8.652,3.008
108,14,esajw93t,0,0,0,1,0,0,0,0,5,1,0,0,0,0,0,9,3.835,2.347,3.08,5.317,6.653,4.637
109,15,esajw93t,0,0,0,0,5,0,0,0,0,0,0,2,0,0,0,8,12.248,2.838,2.753,9.506,12.248,2.437
110,16,esajw93t,0,0,0,0,0,0,5,1,0,0,0,0,0,0,0,8,4.009,3.508,3.166,8.109,6.725,2.591
111,17,esajw93t,1,0,0,0,0,0,0,0,0,0,0,0,0,0,1,8,4.294,3.251,2.668,8.503,8.619,3.993
112,2,bb45y9nn,0,0,1,5,0,0,0,0,0,0,0,0,0,0,0,7,14.516,7.896,5.445,5.76,9.352,15.297
113,3,bb45y9nn,0,0,0,0,5,1,0,0,0,0,0,0,0,0,0,7,7.849,8.431,4.68,3.624,4.858,5.704
114,4,bb45y9nn,0,0,0,0,0,0,0,5,0,0,0,0,0,0,0,6,4.944,7.133,3.154,3.941,5.814,8.968
115,5,bb45y9nn,0,5,0,0,0,0,0,0,0,0,0,0,0,0,0,6,9.67,10.055,3.255,3.223,10.356,12.445
116,6,bb45y9nn,0,0,0,0,0,0,0,0,5,0,0,0,0,0,0,7,5.012,6.246,19.595,3.092,8.393,5.645
117,7,bb45y9nn,0,0,0,0,3,0,0,0,0,0,5,0,0,0,0,10,6.97,11.527,2.723,3.71,6.431,8.505
118,8,bb45y9nn,0,0,0,0,0,0,0,5,0,0,0,0,0,2,0,8,4.48,4.464,5.25,3.076,6.453,8.542
119,9,bb45y9nn,1,4,0,0,0,0,0,0,0,0,0,0,0,0,0,13,8.989,10.171,2.97,3.74,5.012,11.257
120,10,bb45y9nn,0,0,5,0,0,0,0,0,0,0,0,0,0,0,0,6,5.545,5.313,3.54,2.991,6.399,6.778
121,11,bb45y9nn,0,0,0,0,5,1,0,0,0,0,0,0,0,0,0,7,2.859,5.597,4.548,3.176,2.722,4.98
122,12,bb45y9nn,0,0,0,0,0,0,0,5,0,0,0,0,0,0,0,6,2.004,4.594,2.452,2.675,2.32,5.967
123,13,bb45y9nn,0,5,0,0,0,0,0,0,0,0,0,0,0,0,0,6,4.564,4.047,2.606,2.026,3.245,5.867
124,14,bb45y9nn,0,0,1,0,0,0,0,0,5,0,0,0,0,0,0,8,11.289,5.275,3.656,2.184,3.244,5.106
125,15,bb45y9nn,0,0,0,0,5,1,0,0,0,0,4,0,0,0,0,12,3.022,6.75,2.583,2.505,4.931,7.769
126,16,bb45y9nn,0,0,0,0,0,0,0,5,0,0,0,0,0,0,0,7,8.366,9.015,3.585,2.452,3.585,17.123
127,17,bb45y9nn,2,5,0,0,0,0,0,0,0,0,0,0,0,0,0,8,3.412,5.795,2.812,2.827,4.077,5.817
128,2,bn8iy0dx,0,0,5,0,0,0,0,0,0,0,0,0,0,0,0,6,19.276,13.929,4.565,6.717,6.254,2.544
129,3,bn8iy0dx,0,0,0,0,4,2,0,0,0,0,0,0,0,0,0,8,22.325,9.659,3.375,3.875,3.206,7.312
130,4,bn8iy0dx,0,0,0,0,0,0,2,5,0,0,0,0,0,0,0,10,14.502,9.091,4.094,2.945,4.01,10.978
131,5,bn8iy0dx,2,5,0,0,0,0,0,0,0,0,0,0,0,0,0,12,13.763,3.223,9.355,3.562,3.424,3.725
132,6,bn8iy0dx,0,0,3,0,0,0,0,0,5,0,0,0,0,0,0,12,25.64,8.62,8.482,2.854,11.701,3.392
133,7,bn8iy0dx,0,0,0,0,0,2,0,0,0,0,5,0,0,0,0,8,15.06,7.77,7.099,2.923,9.089,2.105
134,8,bn8iy0dx,0,0,0,0,0,0,0,5,0,0,0,0,0,1,0,7,17.682,8.691,11.55,3.192,6.23,2.438
135,9,bn8iy0dx,0,5,0,0,0,0,0,0,0,0,0,0,0,0,1,7,17.498,13.783,8.937,3.139,6.702,2.791
136,10,bn8iy0dx,0,0,5,0,0,0,0,0,0,0,0,0,0,0,0,6,14.667,5.192,4.348,2.2,10.076,2.628
137,11,bn8iy0dx,0,0,0,0,2,5,0,0,0,0,0,0,0,0,0,11,15.497,4.604,4.411,2.422,7.315,2.384
138,12,bn8iy0dx,0,0,0,0,0,0,1,5,0,0,0,0,0,0,0,7,11.49,6.792,7.726,2.613,6.708,2.582
139,13,bn8iy0dx,3,5,0,0,0,0,0,0,0,0,0,0,0,0,0,15,26.661,5.628,7.902,4.161,10.186,7.802
140,14,bn8iy0dx,0,0,0,0,0,0,0,0,5,0,0,0,0,0,0,6,13.11,5.276,7.165,4.442,6.98,3.07
141,15,bn8iy0dx,0,0,0,0,1,0,0,0,0,0,5,0,0,0,0,7,14.882,5.676,8.451,5.112,9.401,2.399
142,16,bn8iy0dx,0,0,0,0,0,0,1,5,0,0,0,0,0,0,0,7,13.149,8.854,10.374,4.612,14.737,3.101
143,17,bn8iy0dx,1,5,0,0,0,0,0,0,0,0,0,0,0,0,0,7,11.823,6.816,7.606,2.519,7.17,3.323
144,2,q32n8r51,0,0,5,0,0,0,0,0,0,0,0,0,0,0,0,6,3.393,9.005,7.804,5.946,4.696,9.569
145,3,q32n8r51,0,0,0,0,5,0,0,0,0,0,0,0,0,0,0,6,2.422,11.72,5.913,9.657,4.91,11.32
146,4,q32n8r51,0,0,0,0,0,0,4,4,0,0,0,0,0,0,0,9,3.447,7.401,6.515,10.151,3.763,3.409
147,5,q32n8r51,5,1,0,0,0,0,0,0,0,0,0,0,0,0,0,7,2.247,17.185,19.136,4.01,4.631,6.099
148,6,q32n8r51,0,0,0,0,0,0,0,0,5,1,0,0,0,0,0,7,5.01,12.676,20.033,2.094,5.474,14.439
149,7,q32n8r51,0,0,0,0,0,5,0,0,0,0,1,0,0,0,0,7,3.505,27.492,15.698,4.974,7.195,9.353
150,8,q32n8r51,0,0,0,0,0,0,1,5,0,0,0,0,0,1,0,10,4.211,20.18,8.992,2.778,9.725,4.149
151,9,q32n8r51,5,0,0,0,0,0,0,0,0,0,0,0,0,0,0,7,2.723,22.795,22.857,5.985,6.053,17.166
152,10,q32n8r51,0,0,5,0,0,0,0,0,0,0,0,0,0,0,0,6,2.121,11.422,5.929,5.575,3.771,8.262
153,11,q32n8r51,0,0,0,0,2,5,0,0,0,0,0,0,0,0,0,12,3.609,22.219,5.181,2.537,4.395,2.359
154,12,q32n8r51,0,0,0,0,0,0,0,5,0,0,0,0,0,0,0,6,2.706,9.725,5.782,2.136,5.328,3.038
155,13,q32n8r51,0,5,0,0,0,0,0,0,0,0,0,0,0,0,0,6,2.791,7.771,6.183,1.488,4.764,3.824
156,14,q32n8r51,0,0,1,3,0,0,0,0,2,0,0,0,0,0,0,10,3.376,25.303,8.768,1.952,5.911,5.773
157,15,q32n8r51,0,0,0,0,2,1,0,0,0,0,4,1,0,0,0,14,3.246,,6.415,3.932,4.633,6.785
158,16,q32n8r51,0,0,0,0,0,0,1,5,0,0,0,0,0,0,0,7,2.776,10.244,9.037,4.079,4.966,7.706
159,17,q32n8r51,5,2,0,0,0,0,0,0,0,0,0,0,0,0,2,13,2.356,24.766,6.558,2.306,6.527,7.629
160,2,xoaxn8b5,0,0,5,5,0,0,0,0,0,0,0,0,0,0,0,32,12.527,9.259,3.445,15.655,7.718,19.719
161,3,xoaxn8b5,0,0,0,0,4,5,0,0,0,0,0,0,0,0,0,21,3.266,3.999,2.622,5.909,3.868,16.073
162,4,xoaxn8b5,0,0,0,0,0,0,4,5,0,0,0,0,0,0,0,23,2.721,2.737,2.884,14.913,3.353,10.135
163,5,xoaxn8b5,2,5,0,0,0,0,0,0,0,0,0,0,0,0,0,18,1.958,2.305,3.677,19.115,3.161,6.379
164,6,xoaxn8b5,0,0,0,0,0,0,0,0,5,0,0,0,0,0,0,7,4.345,3.775,2.989,9.527,3.559,7.801
165,7,xoaxn8b5,0,0,0,0,0,1,0,0,0,0,1,5,0,0,0,8,2.721,2.273,3.36,8.587,3.56,5.211
166,8,xoaxn8b5,0,0,0,0,0,0,2,0,0,0,0,0,0,5,0,12,2.537,2.321,4.262,7.295,2.738,4.025
167,9,xoaxn8b5,5,0,0,0,0,0,0,0,0,0,0,0,0,0,0,11,5.245,3.255,7.75,5.761,2.485,7.58
168,10,xoaxn8b5,0,0,5,0,0,0,0,0,0,0,0,0,0,0,0,6,2.738,2.275,2.623,4.157,4.264,5.166
169,11,xoaxn8b5,0,0,0,0,2,5,0,0,0,0,0,0,0,0,0,14,2.291,2.888,7.83,8.336,3.593,4.797
170,12,xoaxn8b5,0,0,0,0,0,0,1,5,0,0,0,0,0,0,0,7,1.673,2.005,2.29,6.263,3.725,3.678
171,13,xoaxn8b5,5,2,0,0,0,0,0,0,0,0,0,0,0,0,0,16,2.004,2.421,4.092,6.945,2.637,9.468
172,14,xoaxn8b5,0,0,5,2,0,0,0,0,2,0,0,0,0,0,0,13,3.138,3.171,2.574,5.226,2.721,4.456
173,15,xoaxn8b5,0,0,0,0,0,5,0,0,0,0,1,5,0,0,0,16,2.268,2.305,2.938,4.674,2.352,3.139
174,16,xoaxn8b5,0,0,0,0,0,0,1,5,0,0,0,0,0,2,0,9,2.737,2.189,2.991,8.816,6.613,2.69
175,17,xoaxn8b5,5,0,0,0,0,0,0,0,0,0,0,0,0,0,2,9,4.739,4.0,2.707,7.431,3.394,3.964
176,2,6nye0rx2,0,0,5,1,0,0,0,0,0,0,0,0,0,0,0,8,4.025,11.473,4.125,7.518,12.506,11.372
177,3,6nye0rx2,0,0,0,0,5,1,0,0,0,0,0,0,0,0,0,7,2.753,9.189,3.038,8.169,10.291,7.378
178,4,6nye0rx2,0,0,0,0,0,0,5,1,0,0,0,0,0,0,0,7,3.376,11.967,3.523,3.292,11.073,8.602
179,5,6nye0rx2,0,5,0,0,0,0,0,0,0,0,0,0,0,0,0,6,6.212,6.428,3.856,6.991,4.326,6.297
180,6,6nye0rx2,0,0,0,0,0,0,0,0,5,0,0,0,0,0,0,6,2.606,6.81,3.285,3.323,6.763,5.591
181,7,6nye0rx2,0,0,0,0,5,2,0,0,0,0,0,0,0,0,0,12,4.356,8.333,4.071,3.855,4.657,12.01
182,8,6nye0rx2,0,0,0,0,0,0,5,0,0,0,0,0,0,0,0,6,2.59,5.913,4.044,4.194,6.26,8.549
183,9,6nye0rx2,2,5,0,0,0,0,0,0,0,0,0,0,0,0,0,10,2.575,6.183,3.741,7.649,3.925,6.484
184,10,6nye0rx2,0,0,5,0,0,0,0,0,0,0,0,0,0,0,0,6,3.738,5.875,6.561,3.722,3.708,7.516
185,11,6nye0rx2,0,0,0,0,5,0,0,0,0,0,0,0,0,0,0,6,3.355,5.112,2.606,3.872,4.072,3.324
186,12,6nye0rx2,0,0,0,0,0,0,5,0,0,0,0,0,0,0,0,6,2.607,4.426,2.306,3.155,2.992,5.298
187,13,6nye0rx2,3,5,0,0,0,0,0,0,0,0,0,0,0,0,0,11,2.453,3.978,2.59,6.129,3.038,8.67
188,14,6nye0rx2,0,0,0,0,0,0,0,0,5,0,0,0,0,0,0,6,2.629,4.633,8.102,4.479,2.814,6.721
189,15,6nye0rx2,0,0,0,0,5,0,0,0,0,0,2,0,0,0,0,8,2.791,4.673,3.671,4.326,8.135,4.774
190,16,6nye0rx2,0,0,0,0,0,0,5,0,0,0,0,0,0,0,0,6,3.17,4.041,2.747,3.925,2.707,5.476
191,17,6nye0rx2,0,5,0,0,0,0,0,0,0,0,0,0,0,0,0,6,4.604,5.39,3.67,3.285,4.171,5.49
192,2,1smtcyle,0,0,0,5,0,0,0,0,0,0,0,0,0,0,0,6,9.042,3.942,5.931,7.82,12.109,4.612
193,3,1smtcyle,0,0,0,0,1,5,0,0,0,0,0,0,0,0,0,7,4.225,2.759,4.021,7.215,14.494,9.869
194,4,1smtcyle,0,0,0,0,0,0,2,5,0,0,0,0,0,0,0,8,5.343,2.337,4.494,4.167,9.767,4.094
195,5,1smtcyle,5,2,0,0,0,0,0,0,0,0,0,0,0,0,0,8,2.783,3.716,13.392,8.649,16.284,4.016
196,6,1smtcyle,0,0,0,0,0,0,0,0,1,5,0,0,0,0,0,7,5.391,2.47,6.994,3.404,11.789,4.613
197,7,1smtcyle,0,0,0,0,0,1,0,0,0,0,0,5,0,0,0,7,4.408,5.881,3.007,3.876,10.618,4.277
198,8,1smtcyle,0,0,0,0,0,0,5,0,0,0,0,0,0,0,0,6,5.449,4.747,3.356,2.858,5.654,3.321
199,9,1smtcyle,2,0,0,0,0,0,0,0,0,0,0,0,0,0,0,8,6.564,4.257,2.569,2.39,15.022,4.711
200,10,1smtcyle,0,0,5,0,0,0,0,0,0,0,0,0,0,0,0,6,3.261,3.439,2.158,3.022,5.564,3.508
201,11,1smtcyle,0,0,0,0,0,5,0,0,0,0,0,0,0,0,0,6,3.508,2.052,1.72,3.671,6.015,3.007
202,12,1smtcyle,0,0,0,0,0,0,2,5,0,0,0,0,0,0,0,10,9.425,2.192,1.829,4.823,11.615,4.435
203,13,1smtcyle,5,0,0,0,0,0,0,0,0,0,0,0,0,0,0,6,2.259,2.459,1.936,4.742,8.937,3.492
204,14,1smtcyle,0,0,0,0,0,0,0,0,5,3,0,0,0,0,0,9,2.437,2.691,2.205,6.894,12.691,4.484
205,15,1smtcyle,0,0,0,0,0,5,0,0,0,0,3,0,0,0,0,9,2.422,2.638,3.123,5.059,17.826,6.299
206,16,1smtcyle,0,0,0,0,0,0,5,0,0,0,0,0,0,0,0,6,4.527,2.707,2.322,2.892,8.636,6.9
207,17,1smtcyle,5,0,0,0,0,0,0,0,0,0,0,0,0,0,3,20,2.892,2.469,1.889,3.07,10.67,4.026
208,2,6vas0mym,0,0,5,1,0,0,0,0,0,0,0,0,0,0,0,7,6.316,3.362,4.438,3.794,3.393,4.095
209,3,6vas0mym,0,0,0,0,1,5,0,0,0,0,0,0,0,0,0,11,8.419,4.773,6.114,2.869,3.439,3.386
210,4,6vas0mym,0,0,0,0,0,0,5,4,0,0,0,0,0,0,0,25,8.317,3.587,3.671,4.026,3.787,5.491
211,5,6vas0mym,5,2,0,0,0,0,0,0,0,0,0,0,0,0,0,11,9.952,3.383,4.568,2.352,6.122,5.937
212,6,6vas0mym,0,0,0,0,0,0,0,0,5,1,0,0,0,0,0,7,6.076,2.447,3.418,4.019,5.938,6.824
213,7,6vas0mym,0,0,0,0,1,1,0,0,0,0,1,5,0,0,0,10,8.766,4.877,2.569,6.193,3.872,4.99
214,8,6vas0mym,0,0,0,0,0,0,3,2,0,0,0,0,2,4,0,20,9.018,4.797,3.229,2.707,4.258,5.045
215,9,6vas0mym,5,1,0,0,0,0,0,0,0,0,0,0,0,0,1,13,7.713,2.422,3.825,2.584,2.722,4.605
216,10,6vas0mym,0,0,5,0,0,0,0,0,0,0,0,0,0,0,0,6,5.227,3.392,3.276,2.106,3.045,4.433
217,11,6vas0mym,0,0,0,0,5,5,0,0,0,0,0,0,0,0,0,20,4.296,4.481,6.801,2.074,2.484,3.595
218,12,6vas0mym,0,0,0,0,0,0,5,0,0,0,0,0,0,0,0,6,4.583,2.082,3.17,5.04,2.938,4.676
219,13,6vas0mym,5,0,0,0,0,0,0,0,0,0,0,0,0,0,0,6,4.363,2.321,2.421,2.337,2.606,3.445
220,14,6vas0mym,0,0,5,3,0,0,0,0,2,0,0,0,0,0,0,14,4.051,2.191,3.034,2.332,2.648,6.203
221,15,6vas0mym,0,0,0,0,1,5,0,0,0,0,0,1,0,0,0,11,4.78,2.706,3.176,2.975,2.721,5.065
222,16,6vas0mym,0,0,0,0,0,0,5,0,0,0,0,0,0,0,0,6,4.395,2.275,2.76,4.452,6.014,5.867
223,17,6vas0mym,5,1,0,0,0,0,0,0,0,0,0,0,0,0,1,9,4.094,2.29,3.254,2.469,2.691,3.555
224,2,xros1iar,0,0,2,5,0,0,0,0,0,0,0,0,0,0,0,8,8.872,13.128,9.141,12.85,4.549,4.865
225,3,xros1iar,0,0,0,0,5,5,0,0,0,0,0,0,0,0,0,12,3.492,8.917,3.43,6.984,4.958,5.691
226,4,xros1iar,0,0,0,0,0,0,3,3,0,0,0,0,0,0,0,8,7.228,8.804,3.547,6.184,2.908,3.463
227,5,xros1iar,3,5,0,0,0,0,0,0,0,0,0,0,0,0,0,14,3.324,12.646,2.954,4.705,2.854,3.973
228,6,xros1iar,0,0,2,0,0,0,0,0,5,0,0,0,0,0,0,8,5.113,7.985,7.906,6.602,6.316,3.873
229,7,xros1iar,0,0,0,0,0,5,0,0,0,0,0,0,0,0,0,6,5.506,6.724,5.274,4.68,3.862,3.307
230,8,xros1iar,0,0,0,0,0,0,1,0,0,0,0,0,1,5,0,9,3.424,11.075,3.255,9.803,4.644,4.343
231,9,xros1iar,1,5,0,0,0,0,0,0,0,0,0,0,0,0,0,7,12.064,10.306,6.436,12.111,3.445,2.675
232,10,xros1iar,0,0,5,1,0,0,0,0,0,0,0,0,0,0,0,7,3.756,5.622,3.34,4.38,3.109,2.755
233,11,xros1iar,0,0,0,0,3,5,0,0,0,0,0,0,0,0,0,9,7.975,6.087,10.597,4.164,3.429,2.275
234,12,xros1iar,0,0,0,0,0,0,5,5,0,0,0,0,0,0,0,12,5.174,5.497,2.79,3.709,2.752,2.452
235,13,xros1iar,5,5,0,0,0,0,0,0,0,0,0,0,0,0,0,12,9.192,5.914,2.491,3.64,3.293,10.477
236,14,xros1iar,0,0,2,3,0,0,0,0,5,0,0,0,0,0,0,12,3.985,8.601,3.869,6.307,3.354,3.492
237,15,xros1iar,0,0,0,0,0,5,0,0,0,0,0,0,0,0,0,6,6.027,7.57,9.642,3.778,3.577,2.291
238,16,xros1iar,0,0,0,0,0,0,0,0,0,0,0,0,2,5,0,10,6.277,5.614,2.823,5.09,5.144,3.239
239,17,xros1iar,2,5,0,0,0,0,0,0,0,0,0,0,0,0,0,10,8.588,6.231,6.053,6.5,4.078,2.16
240,2,1gdrtht3,0,0,2,5,0,0,0,0,0,0,0,0,0,0,0,8,6.583,7.804,3.33,5.713,3.385,8.217
241,3,1gdrtht3,0,0,0,0,4,4,0,0,0,0,0,0,0,0,0,24,6.436,6.637,2.807,9.166,6.314,2.528
242,4,1gdrtht3,0,0,0,0,0,0,0,5,0,0,0,0,0,0,0,6,3.375,6.425,2.573,3.575,3.991,4.962
243,5,1gdrtht3,5,2,0,0,0,0,0,0,0,0,0,0,0,0,0,9,2.29,7.667,2.391,6.401,2.554,4.316
244,6,1gdrtht3,0,0,2,0,0,0,0,0,5,0,0,0,0,0,0,9,3.509,6.618,3.794,5.23,3.409,6.988
245,7,1gdrtht3,0,0,0,0,3,0,0,0,0,0,5,0,0,0,0,15,4.087,6.508,5.876,2.587,2.367,2.336
246,8,1gdrtht3,0,0,0,0,0,0,0,5,0,0,0,0,2,0,0,8,4.126,6.394,3.325,2.67,3.688,3.124
247,9,1gdrtht3,5,0,0,0,0,0,0,0,0,0,0,0,0,0,4,21,3.06,6.298,3.117,3.323,3.513,2.321
248,10,1gdrtht3,0,0,5,0,0,0,0,0,0,0,0,0,0,0,0,6,2.96,5.429,3.192,2.274,5.6,2.891
249,11,1gdrtht3,0,0,0,0,4,4,0,0,0,0,0,0,0,0,0,23,2.29,3.778,3.709,2.305,1.719,1.973
250,12,1gdrtht3,0,0,0,0,0,0,2,5,0,0,0,0,0,0,0,9,3.192,5.983,2.753,2.112,2.073,8.102
251,13,1gdrtht3,0,5,0,0,0,0,0,0,0,0,0,0,0,0,0,6,2.021,3.923,4.708,3.438,1.874,5.828
252,14,1gdrtht3,0,0,0,0,0,0,0,0,5,0,0,0,0,0,0,6,4.295,5.853,4.364,4.317,2.227,4.279
253,15,1gdrtht3,0,0,0,0,0,0,0,0,0,0,1,5,0,0,0,8,2.537,4.342,4.379,5.212,2.706,2.668
254,16,1gdrtht3,0,0,0,0,0,0,1,5,0,0,0,0,0,1,0,8,3.861,5.709,2.792,2.759,2.211,2.458
255,17,1gdrtht3,3,0,0,0,0,0,0,0,0,0,0,0,0,0,5,10,2.568,5.342,2.606,2.837,4.757,2.427
256,2,7c1iwaxh,0,0,2,5,0,0,0,0,0,0,0,0,0,0,0,12,4.427,1.989,12.384,,4.627,6.246
257,3,7c1iwaxh,0,0,0,0,5,1,0,0,0,0,0,0,0,0,0,7,11.823,2.607,7.028,8.714,3.409,4.005
258,4,7c1iwaxh,0,0,0,0,0,0,5,0,0,0,0,0,0,0,0,6,6.168,3.962,6.568,7.808,3.608,6.515
259,5,7c1iwaxh,1,5,0,0,0,0,0,0,0,0,0,0,0,0,0,7,10.732,3.59,3.088,8.133,5.379,4.021
260,6,7c1iwaxh,0,0,0,0,0,0,0,0,5,3,0,0,0,0,0,13,5.212,3.977,5.227,6.452,7.871,7.57
261,7,7c1iwaxh,0,0,0,0,4,2,0,0,0,0,1,5,0,0,0,20,6.684,3.893,6.668,7.548,3.624,4.147
262,8,7c1iwaxh,0,0,0,0,0,0,5,3,0,0,0,0,0,0,0,15,6.905,8.952,3.34,5.629,2.607,4.311
263,9,7c1iwaxh,0,0,0,0,0,0,0,0,0,0,0,0,0,0,0,6,7.141,5.465,12.485,6.515,11.451,4.727
264,10,7c1iwaxh,0,0,5,1,0,0,0,0,0,0,0,0,0,0,0,7,4.895,4.024,7.56,4.979,2.924,2.676
265,11,7c1iwaxh,0,0,0,0,4,5,0,0,0,0,0,0,0,0,0,23,10.064,5.298,5.699,6.323,4.063,3.762
266,12,7c1iwaxh,0,0,0,0,0,0,5,4,0,0,0,0,0,0,0,19,14.212,18.908,4.517,6.282,3.124,3.183
267,13,7c1iwaxh,5,3,0,0,0,0,0,0,0,0,0,0,0,0,0,17,4.929,3.262,7.056,14.139,14.093,14.07
268,14,7c1iwaxh,0,0,0,0,0,0,0,0,3,4,0,0,0,0,0,16,3.572,4.944,7.992,7.318,7.08,3.086
269,15,7c1iwaxh,0,0,0,0,1,0,0,0,0,0,0,5,0,0,0,7,5.565,4.964,3.445,9.488,8.371,5.132
270,16,7c1iwaxh,0,0,0,0,0,0,1,0,0,0,0,0,0,5,0,7,5.195,4.897,10.561,7.581,7.716,4.478
271,17,7c1iwaxh,1,2,0,0,0,0,0,0,0,0,0,0,0,0,3,25,3.456,7.919,2.907,10.41,5.298,2.839
272,2,lefz84r6,0,0,5,3,0,0,0,0,0,0,0,0,0,0,0,15,15.07,26.459,8.422,0.624,3.462,10.448
273,3,lefz84r6,0,0,0,0,5,0,0,0,0,0,0,0,0,0,0,7,10.071,11.877,4.442,0.834,3.74,2.722
274,4,lefz84r6,0,0,0,0,0,0,4,0,0,0,0,0,0,0,0,5,,20.924,7.955,2.977,4.959,4.639
275,5,lefz84r6,5,1,0,0,0,0,0,0,0,0,0,0,0,0,0,7,9.251,10.682,7.412,0.608,3.004,5.252
276,6,lefz84r6,0,0,0,0,0,0,0,0,0,5,0,0,0,0,0,6,6.183,7.65,6.215,0.786,4.943,3.64
277,7,lefz84r6,0,0,0,0,5,0,0,0,0,0,1,0,0,0,0,9,3.815,10.615,9.547,0.655,3.658,3.689
278,8,lefz84r6,0,0,0,0,0,0,5,0,0,0,0,0,0,0,0,8,7.017,13.733,9.254,0.717,5.044,13.717
279,9,lefz84r6,0,0,0,0,0,0,0,0,0,0,0,0,0,0,3,12,4.086,15.9,6.479,0.764,14.197,
280,10,lefz84r6,0,0,5,1,0,0,0,0,0,0,0,0,0,0,0,14,2.876,7.404,4.31,0.771,2.859,10.041
281,11,lefz84r6,0,0,0,0,5,1,0,0,0,0,0,0,0,0,0,10,5.181,6.382,7.856,0.739,2.804,3.023
282,12,lefz84r6,0,0,0,0,0,0,1,5,0,0,0,0,0,0,0,12,4.335,19.124,6.176,0.755,4.302,9.101
283,13,lefz84r6,5,0,0,0,0,0,0,0,0,0,0,0,0,0,0,10,3.865,8.308,5.739,0.668,5.616,5.962
284,14,lefz84r6,0,0,0,0,0,0,0,0,4,3,0,0,0,0,0,12,2.844,11.993,9.359,0.755,11.192,2.644
285,15,lefz84r6,0,0,0,0,5,0,0,0,0,0,0,3,0,0,0,11,2.607,5.827,4.446,0.855,3.223,6.729
286,16,lefz84r6,0,0,0,0,0,0,5,1,0,0,0,0,0,1,0,18,4.073,12.315,3.509,1.203,3.008,16.507
287,17,lefz84r6,0,0,0,0,0,0,0,0,0,0,0,0,0,0,0,14,3.214,10.906,4.722,0.732,8.145,11.771
288,2,kr4oy9m9,0,0,5,1,0,0,0,0,0,0,0,0,0,0,0,7,5.113,13.428,2.953,8.221,23.697,11.008
289,3,kr4oy9m9,0,0,0,0,5,0,0,0,0,0,0,0,0,0,0,6,6.357,7.781,6.831,6.314,3.037,8.335
290,4,kr4oy9m9,0,0,0,0,0,0,1,5,0,0,0,0,0,0,0,7,6.334,7.321,4.113,5.522,2.679,9.21
291,5,kr4oy9m9,5,0,0,0,0,0,0,0,0,0,0,0,0,0,0,6,6.301,10.992,9.241,2.953,3.321,9.187
292,6,kr4oy9m9,0,0,0,0,0,0,0,0,5,2,0,0,0,0,0,9,7.434,9.185,3.04,4.743,4.358,7.034
293,7,kr4oy9m9,0,0,0,0,1,5,0,0,0,0,1,0,0,0,0,8,8.311,15.307,3.416,2.629,3.532,5.483
294,8,kr4oy9m9,0,0,0,0,0,0,3,3,0,0,0,0,0,2,0,11,14.851,14.434,2.769,2.737,4.094,7.362
295,9,kr4oy9m9,5,0,0,0,0,0,0,0,0,0,0,0,0,0,0,12,12.778,9.772,2.921,2.605,4.997,8.578
296,10,kr4oy9m9,0,0,5,0,0,0,0,0,0,0,0,0,0,0,0,6,4.544,22.694,2.337,2.106,27.78,24.808
297,11,kr4oy9m9,0,0,0,0,5,0,0,0,0,0,0,0,0,0,0,6,4.878,7.771,2.542,4.03,2.828,9.329
298,12,kr4oy9m9,0,0,0,0,0,0,2,5,0,0,0,0,0,0,0,9,15.925,11.608,4.327,4.343,5.329,6.484
299,13,kr4oy9m9,5,3,0,0,0,0,0,0,0,0,0,0,0,0,0,9,7.529,5.169,3.662,2.042,5.548,5.501
300,14,kr4oy9m9,0,0,2,0,0,0,0,0,4,2,0,0,0,0,0,15,8.517,24.377,3.353,6.014,4.726,7.701
301,15,kr4oy9m9,0,0,0,0,4,2,0,0,0,0,0,0,0,0,0,7,6.821,11.134,3.677,2.591,3.647,10.999
302,16,kr4oy9m9,0,0,0,0,0,0,5,2,0,0,0,0,0,0,0,10,7.429,10.01,4.767,8.904,7.576,11.059
303,17,kr4oy9m9,0,5,0,0,0,0,0,0,0,0,0,0,0,0,0,9,10.29,8.637,4.078,2.489,5.033,8.036
304,2,smt3x2oq,0,0,2,5,0,0,0,0,0,0,0,0,0,0,0,15,12.011,23.096,10.353,16.061,3.57,5.459
305,3,smt3x2oq,0,0,0,0,5,2,0,0,0,0,0,0,0,0,0,22,3.309,11.46,3.572,7.681,3.324,9.624
306,4,smt3x2oq,0,0,0,0,0,0,5,2,0,0,0,0,0,0,0,18,4.626,6.799,2.754,5.513,4.641,10.038
307,5,smt3x2oq,4,4,0,0,0,0,0,0,0,0,0,0,0,0,0,19,4.979,10.991,2.645,12.144,2.876,7.734
308,6,smt3x2oq,0,0,2,1,0,0,0,0,4,3,0,0,0,0,0,30,4.981,7.718,3.578,12.339,4.664,8.05
309,7,smt3x2oq,0,0,0,0,3,2,0,0,0,0,1,3,0,0,0,27,2.453,18.383,8.922,6.963,2.892,4.843
310,8,smt3x2oq,0,0,0,0,0,0,4,3,0,0,0,0,1,1,0,12,6.083,6.043,19.491,9.65,6.052,6.068
311,9,smt3x2oq,3,3,0,0,0,0,0,0,0,0,0,0,0,0,1,15,3.356,10.224,3.825,8.486,5.128,12.946
312,10,smt3x2oq,0,0,3,4,0,0,0,0,0,0,0,0,0,0,0,12,2.906,8.727,3.561,3.862,3.915,6.781
313,11,smt3x2oq,0,0,0,0,5,2,0,0,0,0,0,0,0,0,0,16,11.196,10.779,5.9,5.552,3.625,13.931
314,12,smt3x2oq,0,0,0,0,0,0,5,1,0,0,0,0,0,0,0,9,2.877,6.0,5.013,3.609,3.008,7.751
315,13,smt3x2oq,5,2,0,0,0,0,0,0,0,0,0,0,0,0,0,9,2.459,2.976,2.474,7.326,5.779,9.042
316,14,smt3x2oq,0,0,1,2,0,0,0,0,1,4,0,0,0,0,0,15,3.29,4.511,2.584,8.398,6.077,7.28
317,15,smt3x2oq,0,0,0,0,5,1,0,0,0,0,2,2,0,0,0,14,5.542,3.715,7.362,5.003,4.84,11.24
318,16,smt3x2oq,0,0,0,0,0,0,5,1,0,0,0,0,0,1,0,10,2.668,10.977,5.125,9.758,3.408,12.333
319,17,smt3x2oq,2,2,0,0,0,0,0,0,0,0,0,0,0,0,1,20,3.822,14.04,4.353,3.606,6.124,19.696
320,2,mwzdrrir,0,0,3,5,0,0,0,0,0,0,0,0,0,0,0,27,7.1,6.977,27.431,3.778,7.115,1.751
321,3,mwzdrrir,0,0,0,0,5,0,0,0,0,0,0,0,0,0,0,6,3.709,6.447,7.133,3.255,9.639,2.153
322,4,mwzdrrir,0,0,0,0,0,0,5,0,0,0,0,0,0,0,0,6,6.365,4.175,8.0,2.707,3.577,2.089
323,5,mwzdrrir,5,0,0,0,0,0,0,0,0,0,0,0,0,0,0,6,6.45,4.632,8.439,5.896,7.802,2.072
324,6,mwzdrrir,0,0,1,0,0,0,0,0,0,5,0,0,0,0,0,8,6.75,3.505,8.701,3.304,5.008,3.226
325,7,mwzdrrir,0,0,0,0,5,1,0,0,0,0,0,1,0,0,0,12,11.59,4.572,11.813,2.105,3.322,2.785
326,8,mwzdrrir,0,0,0,0,0,0,4,3,0,0,0,0,0,0,0,19,6.317,10.172,19.014,3.093,4.457,2.19
327,9,mwzdrrir,1,0,0,0,0,0,0,0,0,0,0,0,0,0,0,9,5.056,3.152,6.259,4.386,7.646,2.836
328,10,mwzdrrir,0,0,0,5,0,0,0,0,0,0,0,0,0,0,0,6,7.936,11.213,6.169,1.82,4.581,3.231
329,11,mwzdrrir,0,0,0,0,5,0,0,0,0,0,0,0,0,0,0,6,3.023,11.27,5.745,1.662,3.624,1.951
330,12,mwzdrrir,0,0,0,0,0,0,5,0,0,0,0,0,0,0,0,8,4.48,2.791,5.213,7.116,4.132,5.24
331,13,mwzdrrir,5,0,0,0,0,0,0,0,0,0,0,0,0,0,0,12,5.064,3.507,6.182,8.219,6.498,15.13
332,14,mwzdrrir,0,0,0,0,0,0,0,0,0,5,0,0,0,0,0,10,10.588,2.839,2.692,8.636,4.068,8.721
333,15,mwzdrrir,0,0,0,0,4,0,0,0,0,0,3,1,0,0,0,19,6.347,4.126,3.703,2.484,7.982,2.5
334,16,mwzdrrir,0,0,0,0,0,0,5,0,0,0,0,0,0,0,0,7,6.199,2.838,3.239,5.228,3.509,5.929
335,17,mwzdrrir,5,0,0,0,0,0,0,0,0,0,0,0,0,0,1,11,13.207,4.658,3.228,5.059,4.843,2.559
336,2,tr7j8p5u,0,0,5,2,0,0,0,0,0,0,0,0,0,0,0,10,12.939,12.915,8.933,6.344,4.772,2.136
337,3,tr7j8p5u,0,0,0,0,5,2,0,0,0,0,0,0,0,0,0,8,9.295,6.262,2.554,15.049,4.858,2.468
338,4,tr7j8p5u,0,0,0,0,0,0,3,2,0,0,0,0,0,0,0,7,9.141,6.118,2.02,8.301,12.595,1.635
339,5,tr7j8p5u,5,3,0,0,0,0,0,0,0,0,0,0,0,0,0,15,7.056,6.101,3.094,4.213,5.114,1.929
340,6,tr7j8p5u,0,0,2,0,0,0,0,0,5,0,0,0,0,0,0,9,14.557,4.555,4.216,6.892,4.702,1.864
341,7,tr7j8p5u,0,0,0,0,0,5,0,0,0,0,0,1,0,0,0,7,8.883,3.893,3.771,7.217,4.31,2.522
342,8,tr7j8p5u,0,0,0,0,0,0,5,2,0,0,0,0,0,1,0,10,15.441,3.882,2.532,5.17,3.951,2.51
343,9,tr7j8p5u,5,0,0,0,0,0,0,0,0,0,0,0,0,0,0,9,12.38,3.648,3.51,3.97,6.269,2.207
344,10,tr7j8p5u,0,0,5,0,0,0,0,0,0,0,0,0,0,0,0,6,7.303,4.875,2.453,3.61,3.108,1.567
345,11,tr7j8p5u,0,0,0,0,0,5,0,0,0,0,0,0,0,0,0,6,13.183,6.032,5.985,3.678,5.228,3.324
346,12,tr7j8p5u,0,0,0,0,0,0,5,2,0,0,0,0,0,0,0,13,8.473,5.118,6.869,2.961,5.597,2.877
347,13,tr7j8p5u,5,0,0,0,0,0,0,0,0,0,0,0,0,0,0,6,5.143,3.577,3.477,2.252,2.907,1.704
348,14,tr7j8p5u,0,0,0,0,0,0,0,0,5,1,0,0,0,0,0,7,7.076,4.179,3.508,2.923,3.624,2.548
349,15,tr7j8p5u,0,0,0,0,3,1,0,0,0,0,0,3,0,0,0,9,20.349,8.231,7.155,3.092,4.364,1.519
350,16,tr7j8p5u,0,0,0,0,0,0,5,0,0,0,0,0,0,0,0,6,5.25,3.289,2.506,3.361,3.258,1.842
351,17,tr7j8p5u,5,0,0,0,0,0,0,0,0,0,0,0,0,0,0,7,6.569,4.294,2.306,2.728,4.079,2.259
352,2,udqawmho,0,0,5,3,0,0,0,0,0,0,0,0,0,0,0,14,4.194,3.831,12.694,3.993,4.278,4.331
353,3,udqawmho,0,0,0,0,3,4,0,0,0,0,0,0,0,0,0,14,3.848,2.877,7.817,5.931,2.908,2.808
354,4,udqawmho,0,0,0,0,0,0,4,4,0,0,0,0,0,0,0,14,3.197,3.146,10.495,3.394,5.252,2.892
355,5,udqawmho,2,5,0,0,0,0,0,0,0,0,0,0,0,0,0,13,7.165,6.68,8.668,6.301,5.73,4.595
356,6,udqawmho,0,0,3,1,0,0,0,0,4,1,0,0,0,0,0,18,7.086,5.42,6.87,3.693,3.076,3.778
357,7,udqawmho,0,0,0,0,1,5,0,0,0,0,0,1,0,0,0,8,4.45,4.438,8.504,2.861,4.381,2.661
358,8,udqawmho,0,0,0,0,0,0,3,0,0,0,0,0,0,4,0,11,4.421,3.008,6.368,3.994,6.215,2.274
359,9,udqawmho,1,3,0,0,0,0,0,0,0,0,0,0,0,0,2,15,4.327,10.254,12.007,4.812,2.468,1.836
360,10,udqawmho,0,0,5,1,0,0,0,0,0,0,0,0,0,0,0,7,2.306,2.976,8.147,2.638,2.776,2.19
361,11,udqawmho,0,0,0,0,5,1,0,0,0,0,0,0,0,0,0,7,2.976,3.736,5.065,2.591,2.174,2.491
362,12,udqawmho,0,0,0,0,0,0,5,1,0,0,0,0,0,0,0,8,4.097,6.688,4.898,2.608,3.596,2.877
363,13,udqawmho,1,5,0,0,0,0,0,0,0,0,0,0,0,0,0,7,5.16,3.0,9.987,2.801,2.955,2.237
364,14,udqawmho,0,0,1,0,0,0,0,0,5,1,0,0,0,0,0,10,4.364,4.943,4.164,2.891,2.66,2.259
365,15,udqawmho,0,0,0,0,0,2,0,0,0,0,0,5,0,0,0,8,4.127,5.013,4.543,3.023,5.044,2.137
366,16,udqawmho,0,0,0,0,0,0,1,0,0,0,0,0,0,5,0,7,4.681,5.615,4.797,2.754,3.193,2.475
367,17,udqawmho,0,5,0,0,0,0,0,0,0,0,0,0,0,0,0,7,6.875,4.833,7.56,3.324,5.333,3.562
368,2,bimhco1q,0,0,2,5,0,0,0,0,0,0,0,0,0,0,0,17,9.899,4.873,18.655,,10.647,4.91
369,3,bimhco1q,0,0,0,0,4,3,0,0,0,0,0,0,0,0,0,12,8.034,4.225,15.773,11.181,7.232,3.693
370,4,bimhco1q,0,0,0,0,0,0,4,4,0,0,0,0,0,0,0,20,3.857,3.393,4.572,3.824,7.316,6.698
371,5,bimhco1q,2,5,0,0,0,0,0,0,0,0,0,0,0,0,0,9,6.579,3.308,3.957,5.476,6.817,3.825
372,6,bimhco1q,0,0,0,1,0,0,0,0,0,5,0,0,0,0,0,7,10.926,3.34,12.442,5.692,4.574,12.089
373,7,bimhco1q,0,0,0,0,2,0,0,0,0,0,3,4,0,0,0,16,13.366,3.024,8.838,8.036,4.973,5.713
374,8,bimhco1q,0,0,0,0,0,0,5,0,0,0,0,0,0,0,0,6,4.897,2.807,12.118,3.924,6.701,14.252
375,9,bimhco1q,2,0,0,0,0,0,0,0,0,0,0,0,0,0,1,15,3.609,5.613,9.221,4.301,3.987,4.056
376,10,bimhco1q,0,0,5,2,0,0,0,0,0,0,0,0,0,0,0,8,5.852,3.192,10.755,3.832,3.029,2.791
377,11,bimhco1q,0,0,0,0,4,5,0,0,0,0,0,0,0,0,0,13,4.042,2.738,13.38,5.459,3.894,3.308
378,12,bimhco1q,0,0,0,0,0,0,5,0,0,0,0,0,0,0,0,7,3.977,2.274,6.316,8.69,7.471,4.61
379,13,bimhco1q,5,1,0,0,0,0,0,0,0,0,0,0,0,0,0,7,3.855,2.862,8.394,9.785,2.822,8.35
380,14,bimhco1q,0,0,0,2,0,0,0,0,0,4,0,0,0,0,0,11,6.27,2.845,13.597,24.659,3.177,2.675
381,15,bimhco1q,0,0,0,0,0,0,0,0,0,0,0,5,0,0,0,8,5.068,2.792,12.347,25.666,13.232,15.427
382,16,bimhco1q,0,0,0,0,0,0,5,0,0,0,0,0,0,0,0,8,5.709,3.958,7.937,25.684,3.572,7.953
383,17,bimhco1q,1,0,0,0,0,0,0,0,0,0,0,0,0,0,0,8,4.262,3.847,11.98,17.147,3.261,2.922
384,2,j8kl8j9f,0,0,4,5,0,0,0,0,0,0,0,0,0,0,0,23,7.963,4.695,10.932,13.627,4.842,3.623
385,3,j8kl8j9f,0,0,0,0,5,5,0,0,0,0,0,0,0,0,0,18,5.531,6.433,8.538,2.723,9.988,3.81
386,4,j8kl8j9f,0,0,0,0,0,0,5,1,0,0,0,0,0,0,0,11,2.437,3.925,3.709,2.908,4.726,12.747
387,5,j8kl8j9f,4,5,0,0,0,0,0,0,0,0,0,0,0,0,0,41,3.188,5.732,4.361,4.615,2.909,5.132
388,6,j8kl8j9f,0,0,4,2,0,0,0,0,4,2,0,0,0,0,0,38,4.89,5.097,6.2,2.87,,4.727
389,7,j8kl8j9f,0,0,0,0,4,4,0,0,0,0,3,2,0,0,0,43,3.167,5.264,3.124,2.761,27.934,3.339
390,8,j8kl8j9f,0,0,0,0,0,0,4,1,0,0,0,0,2,2,0,19,2.961,3.818,3.478,2.832,28.364,4.026
391,9,j8kl8j9f,3,1,0,0,0,0,0,0,0,0,0,0,0,0,3,24,3.878,5.066,3.62,3.076,22.781,12.767
392,10,j8kl8j9f,0,0,5,2,0,0,0,0,0,0,0,0,0,0,0,13,2.706,3.06,9.15,2.544,24.368,25.702
393,11,j8kl8j9f,0,0,0,0,5,3,0,0,0,0,0,0,0,0,0,13,2.992,4.711,4.643,2.939,10.695,3.541
394,12,j8kl8j9f,0,0,0,0,0,0,5,2,0,0,0,0,0,0,0,12,2.484,2.97,2.838,5.947,15.297,5.445
395,13,j8kl8j9f,5,1,0,0,0,0,0,0,0,0,0,0,0,0,0,7,3.878,5.642,3.223,2.256,7.203,4.588
396,14,j8kl8j9f,0,0,2,3,0,0,0,0,2,3,0,0,0,0,0,19,3.887,8.32,2.321,3.841,23.985,12.328
397,15,j8kl8j9f,0,0,0,0,2,3,0,0,0,0,5,2,0,0,0,23,3.192,9.498,2.669,2.337,22.657,4.126
398,16,j8kl8j9f,0,0,0,0,0,0,3,2,0,0,0,0,1,3,0,15,3.266,11.83,7.968,5.336,,4.073
399,17,j8kl8j9f,1,1,0,0,0,0,0,0,0,0,0,0,0,0,1,11,4.089,6.709,4.847,4.291,18.015,7.91
