,ParticipantID,SessionCode,total_NumberOpp,total_CorrectDec,2Total_CorrectDec,3Total_CorrectDec,4Total_CorrectDec,5Total_CorrectDec,6Total_CorrectDec,7Total_CorrectDec,8Total_CorrectDec,9Total_CorrectDec,10Total_CorrectDec,11Total_CorrectDec,12Total_CorrectDec,13Total_CorrectDec,14Total_CorrectDec,15Total_CorrectDec,16Total_CorrectDec,17Total_CorrectDec,2Total_NumberOpp,3Total_NumberOpp,4Total_NumberOpp,5Total_NumberOpp,6Total_NumberOpp,7Total_NumberOpp,8Total_NumberOpp,9Total_NumberOpp,10Total_NumberOpp,11Total_NumberOpp,12Total_NumberOpp,13Total_NumberOpp,14Total_NumberOpp,15Total_NumberOpp,16Total_NumberOpp,17Total_NumberOpp,Probability,Probability2,total_NumberOpp_2Colors,total_CorrectDec_2Colors,total_NumberOpp_4Colors,total_CorrectDec_4Colors,total_NumberOpp_3N,total_CorrectDec_3N,total_NumberOpp_2N,total_CorrectDec_2N,total_NumberOpp_C2N2,total_CorrectDec_C2N2,total_NumberOpp_C2N3,total_CorrectDec_C2N3,total_NumberOpp_C4N2,total_CorrectDec_C4N2,total_NumberOpp_C4N3,total_CorrectDec_C4N3,Probability_2Colors,Probability_4Colors,Probability_3N,Probability_2N,C2N2,C2N3,C4N2,C4N3
0,0ewi0bu0,kr4oy9m9,31,26,2.0,1.0,1.0,1.0,1.0,2.0,2.0,4.0,1.0,0.0,1.0,3.0,3.0,2.0,1.0,1.0,2.0,2.0,1.0,1.0,2.0,3.0,3.0,4.0,1.0,0.0,1.0,3.0,3.0,2.0,2.0,1.0,0.8387096774193549,0.8020833333333334,11,10,20,16,16,12,15,14,3,3,8,7,12,11,8,5,0.9090909090909091,0.8,0.75,0.9333333333333333,1.0,0.875,0.9166666666666666,0.625
1,0h4dqjh3,esajw93t,27,21,1.0,1.0,3.0,1.0,2.0,2.0,2.0,3.0,1.0,2.0,0.0,0.0,1.0,0.0,1.0,1.0,1.0,1.0,6.0,1.0,3.0,3.0,3.0,3.0,1.0,2.0,0.0,0.0,1.0,0.0,1.0,1.0,0.7777777777777778,0.71875,12,9,15,12,10,8,17,13,10,7,2,2,7,6,8,6,0.75,0.8,0.8,0.7647058823529411,0.7,1.0,0.8571428571428571,0.75
2,0q5ahjx3,xoaxn8b5,68,41,10.0,4.0,5.0,1.0,1.0,1.0,2.0,0.0,0.0,2.0,0.0,3.0,5.0,4.0,0.0,3.0,17.0,8.0,6.0,6.0,2.0,2.0,4.0,2.0,0.0,2.0,0.0,5.0,5.0,6.0,0.0,3.0,0.6029411764705882,0.4909313725490196,44,25,24,16,37,22,31,19,14,8,30,17,17,11,7,5,0.5681818181818182,0.6666666666666666,0.5945945945945946,0.6129032258064516,0.5714285714285714,0.5666666666666667,0.6470588235294118,0.7142857142857143
3,0ucqnuho,73kurx3q,46,41,1.0,2.0,1.0,2.0,4.0,3.0,2.0,3.0,4.0,2.0,1.0,1.0,2.0,3.0,5.0,5.0,1.0,2.0,1.0,2.0,4.0,3.0,2.0,5.0,4.0,2.0,1.0,1.0,2.0,5.0,5.0,6.0,0.8913043478260869,0.9395833333333333,14,14,32,27,23,22,23,19,9,9,5,5,14,10,18,17,1.0,0.84375,0.9565217391304348,0.8260869565217391,1.0,1.0,0.7142857142857143,0.9444444444444444
4,0yxeluc8,q32n8r51,33,25,1.0,1.0,1.0,1.0,1.0,3.0,3.0,2.0,0.0,1.0,2.0,1.0,3.0,1.0,1.0,3.0,1.0,1.0,2.0,1.0,1.0,3.0,4.0,2.0,0.0,5.0,2.0,1.0,3.0,2.0,1.0,4.0,0.7575757575757576,0.79375,13,8,20,17,14,13,19,12,8,3,5,5,11,9,9,8,0.6153846153846154,0.85,0.9285714285714286,0.631578947368421,0.375,1.0,0.8181818181818182,0.8888888888888888
5,19bd7lqx,bb45y9nn,29,21,1.0,2.0,1.0,1.0,2.0,2.0,2.0,1.0,1.0,2.0,1.0,1.0,1.0,1.0,1.0,1.0,2.0,2.0,1.0,1.0,2.0,4.0,2.0,2.0,1.0,2.0,1.0,2.0,2.0,1.0,2.0,2.0,0.7241379310344828,0.78125,12,10,17,11,17,11,12,10,5,5,7,5,7,5,10,6,0.8333333333333334,0.6470588235294118,0.6470588235294118,0.8333333333333334,1.0,0.7142857142857143,0.7142857142857143,0.6
6,1ip5t766,tr7j8p5u,36,29,4.0,2.0,1.0,5.0,1.0,1.0,2.0,2.0,1.0,1.0,2.0,1.0,2.0,2.0,1.0,1.0,5.0,3.0,1.0,5.0,2.0,1.0,3.0,2.0,1.0,1.0,4.0,1.0,2.0,2.0,1.0,2.0,0.8055555555555556,0.8520833333333333,21,17,15,12,19,13,17,16,8,8,13,9,9,8,6,4,0.8095238095238095,0.8,0.6842105263157895,0.9411764705882353,1.0,0.6923076923076923,0.8888888888888888,0.6666666666666666
7,1rjz8051,xros1iar,38,30,1.0,3.0,2.0,1.0,1.0,1.0,3.0,1.0,2.0,3.0,1.0,4.0,2.0,1.0,2.0,2.0,2.0,4.0,2.0,2.0,2.0,1.0,3.0,1.0,2.0,3.0,2.0,4.0,2.0,1.0,4.0,3.0,0.7894736842105263,0.8072916666666666,21,17,17,13,22,15,16,15,9,8,12,9,7,7,10,6,0.8095238095238095,0.7647058823529411,0.6818181818181818,0.9375,0.8888888888888888,0.75,1.0,0.6
8,21tnm57k,xros1iar,44,33,2.0,2.0,2.0,1.0,1.0,2.0,1.0,2.0,1.0,1.0,4.0,3.0,2.0,2.0,3.0,4.0,2.0,3.0,2.0,3.0,1.0,2.0,2.0,2.0,1.0,2.0,6.0,5.0,3.0,2.0,4.0,4.0,0.75,0.7927083333333332,24,16,20,17,27,21,17,12,8,5,16,11,9,7,11,10,0.6666666666666666,0.85,0.7777777777777778,0.7058823529411765,0.625,0.6875,0.7777777777777778,0.9090909090909091
9,26aymfsq,1smtcyle,26,20,2.0,0.0,2.0,2.0,1.0,2.0,1.0,1.0,1.0,0.0,1.0,0.0,1.0,1.0,0.0,5.0,2.0,0.0,2.0,2.0,1.0,2.0,1.0,1.0,2.0,0.0,1.0,0.0,2.0,1.0,0.0,9.0,0.7692307692307693,0.6597222222222222,9,8,17,12,15,11,11,9,6,5,3,3,5,4,12,8,0.8888888888888888,0.7058823529411765,0.7333333333333333,0.8181818181818182,0.8333333333333334,1.0,0.8,0.6666666666666666
10,2l0bljhx,mwzdrrir,71,14,1.0,1.0,1.0,1.0,1.0,1.0,0.0,1.0,1.0,1.0,0.0,1.0,0.0,2.0,1.0,1.0,16.0,1.0,1.0,1.0,2.0,6.0,13.0,2.0,1.0,1.0,2.0,6.0,4.0,11.0,1.0,3.0,0.19718309859154928,0.494436553030303,29,7,42,7,37,7,34,7,4,4,25,3,30,3,12,4,0.2413793103448276,0.16666666666666666,0.1891891891891892,0.20588235294117646,1.0,0.12,0.1,0.3333333333333333
11,2m8z4udj,6vas0mym,50,34,2.0,3.0,2.0,2.0,1.0,1.0,5.0,3.0,2.0,4.0,1.0,2.0,2.0,2.0,1.0,1.0,2.0,4.0,5.0,4.0,1.0,1.0,6.0,4.0,2.0,6.0,2.0,2.0,4.0,3.0,1.0,3.0,0.68,0.74375,27,18,23,16,16,12,34,22,17,10,10,8,17,12,6,4,0.6666666666666666,0.6956521739130435,0.75,0.6470588235294118,0.5882352941176471,0.8,0.7058823529411765,0.6666666666666666
12,41twg33r,tr7j8p5u,27,23,2.0,1.0,1.0,3.0,3.0,2.0,1.0,2.0,1.0,1.0,4.0,0.0,1.0,0.0,0.0,1.0,2.0,1.0,1.0,6.0,3.0,2.0,1.0,2.0,1.0,1.0,4.0,0.0,1.0,1.0,0.0,1.0,0.8518518518518519,0.78125,16,13,11,10,13,13,14,10,9,6,7,7,5,4,6,6,0.8125,0.9090909090909091,1.0,0.7142857142857143,0.6666666666666666,1.0,0.8,1.0
13,474q5fdg,1gdrtht3,51,38,2.0,3.0,2.0,3.0,2.0,4.0,2.0,4.0,1.0,7.0,2.0,0.0,0.0,1.0,2.0,3.0,3.0,6.0,2.0,3.0,3.0,6.0,2.0,6.0,1.0,10.0,2.0,0.0,0.0,2.0,2.0,3.0,0.7450980392156863,0.7104166666666667,27,20,24,18,25,18,26,20,16,13,11,7,10,7,14,11,0.7407407407407407,0.75,0.72,0.7692307692307693,0.8125,0.6363636363636364,0.7,0.7857142857142857
14,4ffrmk7l,6vas0mym,46,38,1.0,4.0,6.0,3.0,1.0,4.0,5.0,1.0,0.0,5.0,1.0,0.0,2.0,4.0,0.0,1.0,1.0,4.0,8.0,3.0,3.0,4.0,5.0,3.0,0.0,6.0,1.0,0.0,3.0,4.0,0.0,1.0,0.8260869565217391,0.6822916666666666,23,20,23,18,14,12,32,26,17,14,6,6,15,12,8,6,0.8695652173913043,0.782608695652174,0.8571428571428571,0.8125,0.8235294117647058,1.0,0.8,0.75
15,4ffu05la,emxl0g1y,64,50,4.0,4.0,4.0,3.0,2.0,2.0,4.0,3.0,2.0,1.0,1.0,1.0,4.0,11.0,2.0,2.0,4.0,6.0,5.0,3.0,2.0,2.0,5.0,3.0,2.0,2.0,1.0,1.0,4.0,13.0,7.0,4.0,0.78125,0.8374084249084249,24,20,40,30,27,18,37,32,12,10,12,10,25,22,15,8,0.8333333333333334,0.75,0.6666666666666666,0.8648648648648649,0.8333333333333334,0.8333333333333334,0.88,0.5333333333333333
16,4fwypsry,1gdrtht3,51,32,2.0,5.0,0.0,2.0,3.0,3.0,1.0,2.0,1.0,2.0,2.0,1.0,1.0,2.0,3.0,2.0,2.0,8.0,0.0,2.0,4.0,5.0,1.0,9.0,1.0,7.0,3.0,1.0,1.0,2.0,3.0,2.0,0.6274509803921569,0.7593501984126985,24,15,27,17,28,21,23,11,10,5,14,10,13,6,14,11,0.625,0.6296296296296297,0.75,0.4782608695652174,0.5,0.7142857142857143,0.46153846153846156,0.7857142857142857
17,4ykjlcy4,hq3wc0gn,36,27,1.0,0.0,1.0,0.0,4.0,1.0,2.0,3.0,1.0,2.0,1.0,4.0,0.0,2.0,4.0,1.0,1.0,0.0,1.0,0.0,8.0,1.0,3.0,4.0,1.0,2.0,1.0,4.0,0.0,4.0,4.0,2.0,0.75,0.6822916666666667,10,10,26,17,21,16,15,11,4,4,6,6,11,7,15,10,1.0,0.6538461538461539,0.7619047619047619,0.7333333333333333,1.0,1.0,0.6363636363636364,0.6666666666666666
18,57la8i13,q32n8r51,24,19,1.0,1.0,2.0,0.0,1.0,1.0,2.0,0.0,1.0,2.0,1.0,1.0,3.0,,1.0,2.0,1.0,2.0,2.0,0.0,1.0,1.0,2.0,0.0,1.0,3.0,1.0,2.0,3.0,,1.0,4.0,0.7916666666666666,0.6979166666666667,12,9,12,10,13,9,11,10,6,5,6,4,5,5,7,5,0.75,0.8333333333333334,0.6923076923076923,0.9090909090909091,0.8333333333333334,0.6666666666666666,1.0,0.7142857142857143
19,595hx3eq,73kurx3q,52,27,2.0,1.0,1.0,0.0,1.0,1.0,3.0,1.0,2.0,1.0,1.0,1.0,2.0,1.0,4.0,5.0,2.0,1.0,1.0,0.0,3.0,4.0,6.0,3.0,5.0,1.0,1.0,2.0,3.0,7.0,8.0,5.0,0.5192307692307693,0.6016369047619048,13,9,39,18,26,16,26,11,7,4,6,5,19,7,20,11,0.6923076923076923,0.46153846153846156,0.6153846153846154,0.4230769230769231,0.5714285714285714,0.8333333333333334,0.3684210526315789,0.55
20,6jz9rz61,lefz84r6,43,36,5.0,0.0,1.0,2.0,2.0,4.0,1.0,1.0,1.0,4.0,1.0,1.0,1.0,3.0,8.0,1.0,10.0,0.0,1.0,2.0,2.0,4.0,1.0,1.0,1.0,5.0,1.0,1.0,2.0,3.0,8.0,1.0,0.8372093023255814,0.8625,21,15,22,21,27,22,16,14,9,8,12,7,7,6,15,15,0.7142857142857143,0.9545454545454546,0.8148148148148148,0.875,0.8888888888888888,0.5833333333333334,0.8571428571428571,1.0
21,6kwgsob8,bb45y9nn,30,23,1.0,2.0,1.0,2.0,2.0,1.0,3.0,2.0,0.0,2.0,1.0,1.0,1.0,2.0,0.0,2.0,2.0,3.0,1.0,2.0,2.0,3.0,3.0,3.0,0.0,2.0,1.0,1.0,2.0,2.0,1.0,2.0,0.7666666666666667,0.7291666666666666,12,10,18,13,15,10,15,13,5,5,7,5,10,8,8,5,0.8333333333333334,0.7222222222222222,0.6666666666666666,0.8666666666666667,1.0,0.7142857142857143,0.8,0.625
22,6qcyfdgc,tr7j8p5u,32,28,1.0,3.0,1.0,3.0,1.0,1.0,1.0,3.0,2.0,1.0,4.0,0.0,2.0,1.0,2.0,2.0,3.0,4.0,1.0,3.0,1.0,1.0,1.0,3.0,2.0,1.0,4.0,0.0,2.0,2.0,2.0,2.0,0.875,0.8489583333333333,18,15,14,13,17,14,15,14,7,7,11,8,8,7,6,6,0.8333333333333334,0.9285714285714286,0.8235294117647058,0.9333333333333333,1.0,0.7272727272727273,0.875,1.0
23,6thqhvni,1gdrtht3,62,45,1.0,7.0,1.0,1.0,1.0,4.0,1.0,10.0,1.0,5.0,1.0,1.0,1.0,3.0,2.0,5.0,1.0,10.0,1.0,1.0,1.0,6.0,2.0,13.0,1.0,10.0,3.0,1.0,1.0,3.0,3.0,5.0,0.7258064516129032,0.8209935897435898,28,18,34,27,30,22,32,23,13,8,15,10,19,15,15,12,0.6428571428571429,0.7941176470588235,0.7333333333333333,0.71875,0.6153846153846154,0.6666666666666666,0.7894736842105263,0.8
24,6uu48feo,mwzdrrir,40,31,3.0,1.0,1.0,1.0,1.0,1.0,7.0,1.0,1.0,0.0,0.0,7.0,2.0,1.0,3.0,1.0,9.0,2.0,1.0,1.0,2.0,1.0,7.0,1.0,1.0,0.0,0.0,7.0,2.0,1.0,3.0,2.0,0.775,0.7395833333333333,21,14,19,17,26,17,14,14,3,3,18,11,11,11,8,6,0.6666666666666666,0.8947368421052632,0.6538461538461539,1.0,1.0,0.6111111111111112,1.0,0.75
25,6wcbhicf,udqawmho,44,35,5.0,2.0,2.0,2.0,3.0,2.0,4.0,4.0,1.0,1.0,1.0,2.0,2.0,2.0,1.0,1.0,6.0,2.0,4.0,5.0,5.0,2.0,4.0,5.0,1.0,1.0,1.0,2.0,2.0,2.0,1.0,1.0,0.7954545454545454,0.8833333333333333,22,16,22,19,20,17,24,18,11,6,11,10,13,12,9,7,0.7272727272727273,0.8636363636363636,0.85,0.75,0.5454545454545454,0.9090909090909091,0.9230769230769231,0.7777777777777778
26,73miqkxo,8uz9cuas,26,19,1.0,1.0,0.0,1.0,2.0,1.0,1.0,1.0,0.0,1.0,2.0,1.0,3.0,1.0,1.0,2.0,1.0,1.0,0.0,2.0,2.0,3.0,1.0,1.0,0.0,2.0,2.0,3.0,3.0,1.0,2.0,2.0,0.7307692307692307,0.6979166666666667,11,7,15,12,16,11,10,8,4,2,7,5,6,6,9,6,0.6363636363636364,0.8,0.6875,0.8,0.5,0.7142857142857143,1.0,0.6666666666666666
27,7jr6uoqv,tr7j8p5u,38,33,2.0,1.0,2.0,2.0,4.0,1.0,3.0,1.0,1.0,1.0,4.0,2.0,2.0,4.0,2.0,1.0,2.0,2.0,2.0,4.0,5.0,1.0,3.0,1.0,1.0,1.0,5.0,2.0,2.0,4.0,2.0,1.0,0.868421052631579,0.9125000000000001,19,15,19,18,20,17,18,16,8,6,11,9,10,10,9,8,0.7894736842105263,0.9473684210526315,0.85,0.8888888888888888,0.75,0.8181818181818182,1.0,0.8888888888888888
28,7lfjbfnf,7c1iwaxh,69,31,3.0,2.0,1.0,2.0,3.0,3.0,3.0,1.0,1.0,0.0,4.0,2.0,2.0,2.0,1.0,1.0,5.0,2.0,1.0,2.0,4.0,6.0,5.0,2.0,2.0,6.0,8.0,2.0,10.0,2.0,2.0,10.0,0.4492753623188406,0.6093749999999999,28,15,41,16,39,19,30,12,11,4,17,11,19,8,22,8,0.5357142857142857,0.3902439024390244,0.48717948717948717,0.4,0.36363636363636365,0.6470588235294118,0.42105263157894735,0.36363636363636365
29,7wgrriqa,6nye0rx2,19,19,1.0,1.0,3.0,1.0,1.0,2.0,0.0,2.0,1.0,0.0,1.0,2.0,0.0,2.0,1.0,1.0,1.0,1.0,3.0,1.0,1.0,2.0,0.0,2.0,1.0,0.0,1.0,2.0,0.0,2.0,1.0,1.0,1.0,0.8125,10,10,9,9,10,10,9,9,5,5,5,5,4,4,5,5,1.0,1.0,1.0,1.0,1.0,1.0,1.0,1.0
30,854p68vk,mwzdrrir,41,39,13.0,1.0,2.0,2.0,1.0,6.0,2.0,2.0,1.0,1.0,0.0,1.0,0.0,1.0,0.0,6.0,14.0,1.0,2.0,2.0,1.0,6.0,2.0,2.0,1.0,1.0,0.0,1.0,0.0,2.0,0.0,6.0,0.9512195121951219,0.7767857142857143,22,21,19,18,29,28,12,11,6,6,16,15,6,5,13,13,0.9545454545454546,0.9473684210526315,0.9655172413793104,0.9166666666666666,1.0,0.9375,0.8333333333333334,1.0
31,8h9sg5m0,s3mxv2mt,41,37,3.0,3.0,2.0,2.0,2.0,2.0,3.0,2.0,6.0,2.0,1.0,1.0,1.0,3.0,2.0,2.0,3.0,3.0,2.0,2.0,2.0,2.0,4.0,2.0,6.0,2.0,1.0,2.0,1.0,5.0,2.0,2.0,0.9024390243902439,0.928125,21,20,20,17,17,16,24,21,12,12,9,8,12,9,8,8,0.9523809523809523,0.85,0.9411764705882353,0.875,1.0,0.8888888888888888,0.75,1.0
32,8n4ob164,smt3x2oq,93,50,5.0,1.0,7.0,4.0,4.0,3.0,2.0,3.0,2.0,1.0,1.0,1.0,3.0,3.0,1.0,9.0,5.0,1.0,8.0,9.0,13.0,12.0,3.0,8.0,4.0,6.0,2.0,1.0,4.0,3.0,3.0,11.0,0.5376344086021505,0.6241865773115773,36,22,57,28,48,25,45,25,27,14,9,8,18,11,39,17,0.6111111111111112,0.49122807017543857,0.5208333333333334,0.5555555555555556,0.5185185185185185,0.8888888888888888,0.6111111111111112,0.4358974358974359
33,8tuxnyp5,bn8iy0dx,27,26,1.0,3.0,2.0,4.0,4.0,1.0,1.0,0.0,0.0,1.0,1.0,3.0,1.0,2.0,1.0,1.0,1.0,3.0,3.0,4.0,4.0,1.0,1.0,0.0,0.0,1.0,1.0,3.0,1.0,2.0,1.0,1.0,0.9629629629629629,0.8541666666666666,16,15,11,11,15,15,12,11,8,7,8,8,4,4,7,7,0.9375,1.0,1.0,0.9166666666666666,0.875,1.0,1.0,1.0
34,8vk66h4z,udqawmho,56,19,2.0,0.0,3.0,1.0,1.0,2.0,1.0,0.0,1.0,1.0,1.0,1.0,2.0,1.0,1.0,1.0,8.0,2.0,5.0,5.0,10.0,2.0,3.0,6.0,1.0,1.0,3.0,1.0,5.0,1.0,2.0,1.0,0.3392857142857143,0.5447916666666668,26,10,30,9,29,9,27,10,12,6,14,4,15,4,15,5,0.38461538461538464,0.3,0.3103448275862069,0.37037037037037035,0.5,0.2857142857142857,0.26666666666666666,0.3333333333333333
35,98zo9bqh,wdt8k9cv,45,37,1.0,1.0,2.0,2.0,1.0,1.0,5.0,2.0,4.0,2.0,3.0,1.0,2.0,5.0,3.0,2.0,1.0,1.0,2.0,2.0,1.0,1.0,6.0,3.0,5.0,2.0,5.0,2.0,2.0,5.0,3.0,4.0,0.8222222222222222,0.86875,20,16,25,21,18,13,27,24,11,10,9,6,16,14,9,7,0.8,0.84,0.7222222222222222,0.8888888888888888,0.9090909090909091,0.6666666666666666,0.875,0.7777777777777778
36,9gkw2da5,6nye0rx2,20,15,1.0,1.0,0.0,0.0,1.0,1.0,1.0,2.0,1.0,1.0,1.0,2.0,0.0,1.0,1.0,1.0,1.0,1.0,0.0,0.0,1.0,5.0,1.0,2.0,1.0,1.0,1.0,3.0,0.0,1.0,1.0,1.0,0.75,0.7416666666666666,8,7,12,8,14,9,6,6,2,2,6,5,4,4,8,4,0.875,0.6666666666666666,0.6428571428571429,1.0,1.0,0.8333333333333334,1.0,0.5
37,9lp8has6,8uz9cuas,20,18,1.0,1.0,3.0,1.0,0.0,1.0,2.0,0.0,1.0,1.0,1.0,3.0,0.0,1.0,1.0,1.0,1.0,1.0,4.0,1.0,0.0,1.0,2.0,0.0,1.0,1.0,1.0,3.0,1.0,1.0,1.0,1.0,0.9,0.796875,13,12,7,6,9,9,11,9,7,6,6,6,4,3,3,3,0.9230769230769231,0.8571428571428571,1.0,0.8181818181818182,0.8571428571428571,1.0,0.75,1.0
38,9ohm7wqx,smt3x2oq,109,95,4.0,16.0,4.0,8.0,20.0,8.0,5.0,7.0,4.0,7.0,2.0,2.0,3.0,2.0,2.0,1.0,5.0,16.0,4.0,9.0,20.0,15.0,5.0,7.0,4.0,7.0,2.0,5.0,3.0,2.0,2.0,3.0,0.8715596330275229,0.8722222222222222,52,47,57,48,68,55,41,40,24,23,28,24,17,17,40,31,0.9038461538461539,0.8421052631578947,0.8088235294117647,0.975609756097561,0.9583333333333334,0.8571428571428571,1.0,0.775
39,9ouzo12u,7c1iwaxh,64,55,1.0,2.0,1.0,1.0,3.0,6.0,5.0,1.0,2.0,9.0,4.0,1.0,2.0,1.0,1.0,15.0,2.0,2.0,1.0,1.0,5.0,7.0,5.0,1.0,2.0,11.0,5.0,1.0,2.0,1.0,1.0,17.0,0.859375,0.9036048510313216,25,21,39,34,40,33,24,22,15,13,10,8,9,9,30,25,0.84,0.8717948717948718,0.825,0.9166666666666666,0.8666666666666667,0.8,1.0,0.8333333333333334
40,9pt9iyy0,1smtcyle,28,22,1.0,1.0,1.0,2.0,2.0,2.0,1.0,3.0,0.0,1.0,1.0,1.0,2.0,0.0,1.0,3.0,1.0,1.0,1.0,2.0,2.0,2.0,1.0,3.0,0.0,1.0,2.0,1.0,2.0,1.0,1.0,7.0,0.7857142857142857,0.8080357142857143,9,8,19,14,17,12,11,10,4,4,5,4,7,6,12,8,0.8888888888888888,0.7368421052631579,0.7058823529411765,0.9090909090909091,1.0,0.8,0.8571428571428571,0.6666666666666666
41,9vuwza1j,xoaxn8b5,53,40,3.0,6.0,2.0,6.0,1.0,2.0,2.0,3.0,1.0,2.0,1.0,3.0,2.0,4.0,1.0,1.0,7.0,9.0,2.0,8.0,1.0,2.0,2.0,3.0,2.0,3.0,1.0,4.0,3.0,4.0,1.0,1.0,0.7547169811320755,0.8392857142857142,36,24,17,16,26,18,27,22,15,11,21,13,12,11,5,5,0.6666666666666666,0.9411764705882353,0.6923076923076923,0.8148148148148148,0.7333333333333333,0.6190476190476191,0.9166666666666666,1.0
42,a3any8nc,bn8iy0dx,38,29,1.0,3.0,3.0,1.0,2.0,2.0,1.0,2.0,1.0,2.0,2.0,3.0,1.0,1.0,2.0,2.0,1.0,3.0,3.0,4.0,3.0,2.0,1.0,2.0,1.0,4.0,2.0,6.0,1.0,1.0,2.0,2.0,0.7631578947368421,0.8697916666666666,24,16,14,13,21,17,17,12,12,7,12,9,5,5,9,8,0.6666666666666666,0.9285714285714286,0.8095238095238095,0.7058823529411765,0.5833333333333334,0.75,1.0,0.8888888888888888
43,adukd2p2,bb45y9nn,24,18,1.0,1.0,0.0,1.0,0.0,2.0,1.0,3.0,1.0,1.0,0.0,1.0,1.0,3.0,1.0,1.0,1.0,2.0,0.0,1.0,1.0,3.0,1.0,4.0,1.0,1.0,0.0,1.0,1.0,4.0,1.0,2.0,0.75,0.6979166666666666,7,6,17,12,11,7,13,11,3,3,4,3,10,8,7,4,0.8571428571428571,0.7058823529411765,0.6363636363636364,0.8461538461538461,1.0,0.75,0.8,0.5714285714285714
44,aokf422k,73kurx3q,52,41,2.0,1.0,2.0,2.0,3.0,3.0,5.0,2.0,3.0,1.0,2.0,1.0,1.0,5.0,3.0,5.0,3.0,1.0,2.0,2.0,3.0,3.0,6.0,4.0,5.0,1.0,2.0,1.0,1.0,6.0,6.0,6.0,0.7884615384615384,0.8604166666666666,17,14,35,27,25,20,27,21,10,8,7,6,17,13,18,14,0.8235294117647058,0.7714285714285715,0.8,0.7777777777777778,0.8,0.8571428571428571,0.7647058823529411,0.7777777777777778
45,atjxrhok,7c1iwaxh,49,39,,0.0,1.0,1.0,2.0,5.0,4.0,1.0,1.0,4.0,8.0,1.0,1.0,1.0,1.0,8.0,,0.0,2.0,1.0,4.0,5.0,5.0,1.0,1.0,6.0,10.0,1.0,2.0,1.0,1.0,9.0,0.7959183673469388,0.7284722222222222,21,16,28,23,30,25,19,14,10,7,11,9,9,7,19,16,0.7619047619047619,0.8214285714285714,0.8333333333333334,0.7368421052631579,0.7,0.8181818181818182,0.7777777777777778,0.8421052631578947
46,au7nov8u,smt3x2oq,87,69,5.0,16.0,7.0,5.0,9.0,4.0,1.0,0.0,3.0,2.0,4.0,1.0,4.0,3.0,2.0,3.0,5.0,16.0,9.0,7.0,15.0,7.0,2.0,1.0,3.0,3.0,4.0,2.0,5.0,3.0,2.0,3.0,0.7931034482758621,0.7581349206349206,49,43,38,26,54,44,33,25,22,17,27,26,11,8,27,18,0.8775510204081632,0.6842105263157895,0.8148148148148148,0.7575757575757576,0.7727272727272727,0.9629629629629629,0.7272727272727273,0.6666666666666666
47,awkql17i,esajw93t,31,25,1.0,1.0,2.0,0.0,5.0,1.0,1.0,1.0,0.0,2.0,1.0,2.0,2.0,1.0,2.0,3.0,1.0,1.0,3.0,0.0,7.0,2.0,2.0,2.0,0.0,2.0,1.0,2.0,2.0,1.0,2.0,3.0,0.8064516129032258,0.7425595238095238,10,9,21,16,19,16,12,9,5,4,5,5,7,5,14,11,0.9,0.7619047619047619,0.8421052631578947,0.75,0.8,1.0,0.7142857142857143,0.7857142857142857
48,cb6yi0z3,8uz9cuas,26,19,1.0,1.0,2.0,1.0,1.0,1.0,1.0,1.0,1.0,1.0,1.0,1.0,2.0,2.0,1.0,1.0,2.0,2.0,3.0,1.0,1.0,1.0,1.0,1.0,1.0,1.0,2.0,2.0,3.0,2.0,2.0,1.0,0.7307692307692307,0.8020833333333333,14,9,12,10,13,8,13,11,6,5,8,4,7,6,5,4,0.6428571428571429,0.8333333333333334,0.6153846153846154,0.8461538461538461,0.8333333333333334,0.5,0.8571428571428571,0.8
49,cofo0efy,bb45y9nn,31,28,2.0,1.0,1.0,1.0,2.0,2.0,3.0,2.0,2.0,1.0,0.0,2.0,2.0,3.0,2.0,2.0,2.0,1.0,1.0,1.0,2.0,2.0,3.0,4.0,2.0,1.0,0.0,2.0,2.0,4.0,2.0,2.0,0.9032258064516129,0.890625,10,10,21,18,13,13,18,15,5,5,5,5,13,10,8,8,1.0,0.8571428571428571,1.0,0.8333333333333334,1.0,1.0,0.7692307692307693,1.0
50,coozztbx,xoaxn8b5,46,27,4.0,1.0,1.0,2.0,0.0,3.0,1.0,2.0,1.0,2.0,1.0,1.0,1.0,1.0,4.0,2.0,10.0,8.0,1.0,2.0,0.0,3.0,1.0,2.0,1.0,2.0,1.0,3.0,3.0,2.0,5.0,2.0,0.5869565217391305,0.7182291666666668,28,13,18,14,32,16,14,11,6,6,22,7,8,5,10,9,0.4642857142857143,0.7777777777777778,0.5,0.7857142857142857,1.0,0.3181818181818182,0.625,0.9
51,d1i7g086,bn8iy0dx,30,17,1.0,1.0,1.0,2.0,2.0,1.0,1.0,1.0,1.0,1.0,1.0,1.0,1.0,1.0,0.0,1.0,1.0,3.0,2.0,2.0,5.0,2.0,1.0,1.0,1.0,1.0,1.0,6.0,1.0,1.0,0.0,2.0,0.5666666666666667,0.7124999999999999,17,9,13,8,20,8,10,9,6,5,11,4,4,4,9,4,0.5294117647058824,0.6153846153846154,0.4,0.9,0.8333333333333334,0.36363636363636365,1.0,0.4444444444444444
52,d7jq86ew,q32n8r51,31,28,1.0,1.0,1.0,2.0,2.0,3.0,1.0,2.0,1.0,2.0,0.0,1.0,1.0,5.0,1.0,4.0,1.0,1.0,1.0,2.0,2.0,3.0,1.0,2.0,1.0,3.0,0.0,1.0,1.0,6.0,1.0,5.0,0.9032258064516129,0.89375,10,9,21,19,14,13,17,15,7,6,3,3,10,9,11,10,0.9,0.9047619047619048,0.9285714285714286,0.8823529411764706,0.8571428571428571,1.0,0.9,0.9090909090909091
53,de1tcrdo,73kurx3q,50,38,2.0,1.0,1.0,0.0,4.0,3.0,2.0,4.0,2.0,1.0,2.0,2.0,3.0,4.0,2.0,5.0,3.0,1.0,1.0,0.0,4.0,3.0,3.0,4.0,2.0,1.0,2.0,2.0,3.0,7.0,6.0,8.0,0.76,0.8039434523809523,12,11,38,27,29,21,21,17,4,4,8,7,17,13,21,14,0.9166666666666666,0.7105263157894737,0.7241379310344828,0.8095238095238095,1.0,0.875,0.7647058823529411,0.6666666666666666
54,di09ffd7,smt3x2oq,71,35,1.0,1.0,2.0,2.0,3.0,6.0,2.0,2.0,3.0,2.0,1.0,1.0,2.0,3.0,2.0,2.0,4.0,4.0,3.0,2.0,15.0,10.0,2.0,3.0,4.0,2.0,2.0,2.0,6.0,5.0,3.0,4.0,0.49295774647887325,0.5927083333333333,23,13,48,22,44,17,27,18,11,9,12,4,16,9,32,13,0.5652173913043478,0.4583333333333333,0.38636363636363635,0.6666666666666666,0.8181818181818182,0.3333333333333333,0.5625,0.40625
55,dqnsqyjb,j8kl8j9f,107,49,2.0,6.0,1.0,3.0,4.0,15.0,1.0,5.0,1.0,1.0,1.0,1.0,2.0,2.0,4.0,0.0,8.0,7.0,1.0,13.0,17.0,28.0,2.0,9.0,1.0,1.0,2.0,1.0,3.0,6.0,8.0,0.0,0.45794392523364486,0.5727797529268118,34,16,73,33,71,33,36,16,16,6,18,10,20,10,53,23,0.47058823529411764,0.4520547945205479,0.4647887323943662,0.4444444444444444,0.375,0.5555555555555556,0.5,0.4339622641509434
56,dwr2crik,j8kl8j9f,123,99,5.0,4.0,1.0,15.0,18.0,14.0,10.0,3.0,6.0,6.0,4.0,1.0,3.0,6.0,2.0,1.0,5.0,6.0,1.0,16.0,21.0,26.0,10.0,4.0,7.0,7.0,4.0,1.0,3.0,8.0,3.0,1.0,0.8048780487804879,0.8675452152014651,47,42,76,57,67,49,56,50,31,28,16,14,25,22,51,35,0.8936170212765957,0.75,0.7313432835820896,0.8928571428571429,0.9032258064516129,0.875,0.88,0.6862745098039216
57,dxvlc2fv,wdt8k9cv,41,35,1.0,1.0,2.0,2.0,1.0,1.0,4.0,2.0,3.0,2.0,4.0,1.0,3.0,1.0,2.0,5.0,1.0,1.0,2.0,2.0,1.0,1.0,5.0,3.0,5.0,2.0,4.0,1.0,3.0,2.0,2.0,6.0,0.8536585365853658,0.9,18,16,23,19,17,16,24,19,11,9,7,7,13,10,10,9,0.8888888888888888,0.8260869565217391,0.9411764705882353,0.7916666666666666,0.8181818181818182,1.0,0.7692307692307693,0.9
58,e4pir871,smt3x2oq,96,47,2.0,2.0,1.0,3.0,5.0,4.0,0.0,3.0,5.0,3.0,2.0,4.0,2.0,3.0,2.0,6.0,3.0,13.0,8.0,5.0,19.0,7.0,1.0,3.0,5.0,5.0,2.0,4.0,3.0,4.0,6.0,8.0,0.4895833333333333,0.5925062054173896,45,22,51,25,62,27,34,20,23,12,22,10,11,8,40,17,0.4888888888888889,0.49019607843137253,0.43548387096774194,0.5882352941176471,0.5217391304347826,0.45454545454545453,0.7272727272727273,0.425
59,emwg747e,hq3wc0gn,41,27,1.0,1.0,0.0,2.0,3.0,1.0,4.0,3.0,1.0,1.0,1.0,0.0,2.0,3.0,2.0,2.0,1.0,1.0,0.0,2.0,10.0,1.0,5.0,3.0,1.0,2.0,1.0,0.0,2.0,6.0,4.0,2.0,0.6585365853658537,0.725,8,7,33,20,20,11,21,16,5,4,3,3,16,12,17,8,0.875,0.6060606060606061,0.55,0.7619047619047619,0.8,1.0,0.75,0.47058823529411764
60,eodsvi8i,bn8iy0dx,42,37,1.0,1.0,1.0,2.0,2.0,3.0,2.0,3.0,2.0,5.0,1.0,7.0,2.0,2.0,2.0,1.0,1.0,3.0,1.0,2.0,4.0,3.0,2.0,3.0,2.0,5.0,1.0,8.0,2.0,2.0,2.0,1.0,0.8809523809523809,0.9192708333333333,23,20,19,17,23,18,19,19,10,10,13,10,9,9,10,8,0.8695652173913043,0.8947368421052632,0.782608695652174,1.0,1.0,0.7692307692307693,1.0,0.8
61,ew5l0hp4,smt3x2oq,80,47,1.0,0.0,2.0,0.0,4.0,9.0,4.0,7.0,2.0,2.0,2.0,1.0,2.0,2.0,3.0,6.0,5.0,12.0,3.0,1.0,6.0,15.0,4.0,7.0,4.0,2.0,2.0,1.0,3.0,4.0,3.0,8.0,0.5875,0.6593749999999999,30,10,50,37,52,26,28,21,10,6,20,4,18,15,32,22,0.3333333333333333,0.74,0.5,0.75,0.6,0.2,0.8333333333333334,0.6875
62,eza9ud6x,j8kl8j9f,101,56,1.0,5.0,2.0,2.0,10.0,11.0,1.0,3.0,5.0,1.0,5.0,1.0,3.0,3.0,2.0,1.0,3.0,8.0,2.0,8.0,14.0,18.0,3.0,8.0,5.0,3.0,6.0,3.0,5.0,5.0,5.0,5.0,0.5544554455445545,0.5338789682539681,38,22,63,34,62,36,39,20,18,10,20,12,21,10,42,24,0.5789473684210527,0.5396825396825397,0.5806451612903226,0.5128205128205128,0.5555555555555556,0.6,0.47619047619047616,0.5714285714285714
63,f63n1gzd,1gdrtht3,45,36,2.0,5.0,1.0,1.0,4.0,6.0,1.0,1.0,1.0,2.0,3.0,2.0,2.0,2.0,1.0,2.0,2.0,8.0,1.0,2.0,4.0,7.0,1.0,3.0,1.0,4.0,3.0,2.0,2.0,2.0,1.0,2.0,0.8,0.8634672619047619,23,17,22,19,29,25,16,11,8,5,15,12,8,6,14,13,0.7391304347826086,0.8636363636363636,0.8620689655172413,0.6875,0.625,0.8,0.75,0.9285714285714286
64,fcibf6nd,mwzdrrir,32,29,3.0,1.0,2.0,1.0,1.0,6.0,2.0,2.0,1.0,2.0,1.0,0.0,1.0,4.0,1.0,1.0,6.0,1.0,2.0,1.0,1.0,6.0,2.0,2.0,1.0,2.0,1.0,0.0,1.0,4.0,1.0,1.0,0.90625,0.90625,14,11,18,18,17,14,15,15,6,6,8,5,9,9,9,9,0.7857142857142857,1.0,0.8235294117647058,1.0,1.0,0.625,1.0,1.0
65,fd571e97,bn8iy0dx,28,23,2.0,2.0,2.0,1.0,4.0,1.0,0.0,1.0,1.0,4.0,0.0,3.0,0.0,0.0,1.0,1.0,2.0,2.0,4.0,1.0,5.0,1.0,0.0,1.0,1.0,5.0,0.0,4.0,0.0,0.0,1.0,1.0,0.8214285714285714,0.678125,19,15,9,8,16,14,12,9,11,8,8,7,1,1,8,7,0.7894736842105263,0.8888888888888888,0.875,0.75,0.7272727272727273,0.875,1.0,0.875
66,gls81jqj,emxl0g1y,51,38,1.0,3.0,0.0,2.0,2.0,1.0,6.0,0.0,1.0,0.0,1.0,1.0,1.0,8.0,1.0,10.0,1.0,3.0,1.0,2.0,2.0,1.0,7.0,2.0,1.0,0.0,1.0,1.0,2.0,14.0,3.0,10.0,0.7450980392156863,0.7038690476190477,10,9,41,29,22,20,29,18,4,3,6,6,25,15,16,14,0.9,0.7073170731707317,0.9090909090909091,0.6206896551724138,0.75,1.0,0.6,0.875
67,grpzsbn0,emxl0g1y,60,48,2.0,3.0,4.0,4.0,1.0,1.0,3.0,3.0,1.0,2.0,1.0,3.0,3.0,9.0,3.0,5.0,2.0,5.0,4.0,4.0,1.0,2.0,4.0,3.0,1.0,2.0,1.0,3.0,3.0,11.0,5.0,9.0,0.8,0.8639835858585858,22,20,38,28,28,19,32,29,11,11,11,9,21,18,17,10,0.9090909090909091,0.7368421052631579,0.6785714285714286,0.90625,1.0,0.8181818181818182,0.8571428571428571,0.5882352941176471
68,guarpzfl,wdt8k9cv,45,34,1.0,1.0,1.0,1.0,1.0,1.0,3.0,5.0,2.0,1.0,3.0,1.0,2.0,2.0,4.0,5.0,2.0,1.0,2.0,1.0,1.0,1.0,4.0,7.0,3.0,2.0,4.0,1.0,3.0,4.0,4.0,5.0,0.7555555555555555,0.7842261904761905,16,11,29,23,19,17,26,17,8,5,8,6,18,12,11,11,0.6875,0.7931034482758621,0.8947368421052632,0.6538461538461539,0.625,0.75,0.6666666666666666,1.0
69,hoees3ha,q32n8r51,22,19,1.0,1.0,1.0,1.0,1.0,0.0,0.0,1.0,1.0,4.0,0.0,1.0,2.0,1.0,0.0,4.0,1.0,1.0,2.0,1.0,1.0,0.0,1.0,1.0,1.0,4.0,0.0,1.0,3.0,1.0,0.0,4.0,0.8636363636363636,0.6979166666666666,11,10,11,9,8,8,14,11,8,7,3,3,6,4,5,5,0.9090909090909091,0.8181818181818182,1.0,0.7857142857142857,0.875,1.0,0.6666666666666666,1.0
70,hydqi7zw,udqawmho,51,38,4.0,2.0,1.0,1.0,2.0,2.0,4.0,1.0,3.0,2.0,3.0,3.0,4.0,2.0,2.0,2.0,9.0,5.0,3.0,2.0,4.0,2.0,4.0,1.0,3.0,2.0,3.0,3.0,4.0,2.0,2.0,2.0,0.7450980392156863,0.8236111111111111,30,19,21,19,30,20,21,18,10,7,20,12,11,11,10,8,0.6333333333333333,0.9047619047619048,0.6666666666666666,0.8571428571428571,0.7,0.6,1.0,0.8
71,i6ptycp8,6nye0rx2,23,19,1.0,1.0,0.0,1.0,1.0,2.0,0.0,2.0,2.0,1.0,1.0,3.0,1.0,1.0,1.0,1.0,3.0,2.0,0.0,1.0,1.0,2.0,0.0,2.0,2.0,1.0,1.0,4.0,1.0,1.0,1.0,1.0,0.8260869565217391,0.7864583333333333,14,10,9,9,15,11,8,8,4,4,10,6,4,4,5,5,0.7142857142857143,1.0,0.7333333333333333,1.0,1.0,0.6,1.0,1.0
72,i74r5nz1,7c1iwaxh,73,61,3.0,1.0,2.0,2.0,4.0,10.0,1.0,2.0,1.0,7.0,0.0,4.0,10.0,2.0,3.0,9.0,3.0,1.0,2.0,2.0,5.0,11.0,2.0,2.0,1.0,7.0,7.0,4.0,10.0,2.0,3.0,11.0,0.8356164383561644,0.8767045454545455,27,20,46,41,45,34,28,27,12,12,15,8,16,15,30,26,0.7407407407407407,0.8913043478260869,0.7555555555555555,0.9642857142857143,1.0,0.5333333333333333,0.9375,0.8666666666666667
73,ie043wms,q32n8r51,27,23,1.0,1.0,2.0,1.0,0.0,1.0,3.0,0.0,0.0,2.0,2.0,1.0,1.0,2.0,1.0,5.0,2.0,1.0,2.0,1.0,0.0,1.0,3.0,0.0,0.0,2.0,2.0,1.0,2.0,3.0,1.0,6.0,0.8518518518518519,0.71875,11,10,16,13,14,12,13,11,5,5,6,5,8,6,8,7,0.9090909090909091,0.8125,0.8571428571428571,0.8461538461538461,1.0,0.8333333333333334,0.75,0.875
74,ijm2wey9,73kurx3q,49,35,2.0,2.0,0.0,1.0,1.0,3.0,2.0,2.0,3.0,1.0,0.0,1.0,1.0,7.0,3.0,6.0,2.0,3.0,0.0,1.0,1.0,4.0,2.0,3.0,5.0,1.0,0.0,1.0,2.0,10.0,5.0,9.0,0.7142857142857143,0.6968749999999999,13,10,36,25,25,18,24,17,7,5,6,5,17,12,19,13,0.7692307692307693,0.6944444444444444,0.72,0.7083333333333334,0.7142857142857143,0.8333333333333334,0.7058823529411765,0.6842105263157895
75,iox47c7g,wdt8k9cv,37,31,2.0,1.0,2.0,2.0,2.0,1.0,2.0,4.0,1.0,2.0,2.0,1.0,3.0,3.0,1.0,2.0,2.0,1.0,2.0,2.0,2.0,1.0,3.0,4.0,2.0,2.0,4.0,1.0,3.0,3.0,3.0,2.0,0.8378378378378378,0.8750000000000001,16,13,21,18,16,12,21,19,8,7,8,6,13,12,8,6,0.8125,0.8571428571428571,0.75,0.9047619047619048,0.875,0.75,0.9230769230769231,0.75
76,irya5j5n,6vas0mym,43,32,1.0,1.0,6.0,3.0,1.0,1.0,3.0,2.0,1.0,4.0,1.0,1.0,3.0,2.0,1.0,1.0,1.0,2.0,9.0,3.0,3.0,2.0,5.0,3.0,1.0,5.0,1.0,1.0,3.0,2.0,1.0,1.0,0.7441860465116279,0.8166666666666667,23,18,20,14,12,8,31,24,18,14,5,4,13,10,7,4,0.782608695652174,0.7,0.6666666666666666,0.7741935483870968,0.7777777777777778,0.8,0.7692307692307693,0.5714285714285714
77,iz0bu8x4,1smtcyle,39,24,1.0,1.0,1.0,2.0,1.0,1.0,1.0,2.0,1.0,1.0,1.0,1.0,2.0,2.0,1.0,5.0,2.0,1.0,1.0,3.0,2.0,1.0,2.0,2.0,1.0,1.0,5.0,1.0,2.0,2.0,1.0,12.0,0.6153846153846154,0.7989583333333332,15,9,24,15,25,12,14,12,6,5,9,4,8,7,16,8,0.6,0.625,0.48,0.8571428571428571,0.8333333333333334,0.4444444444444444,0.875,0.5
78,j66rtlhy,kr4oy9m9,30,26,3.0,1.0,1.0,1.0,1.0,1.0,2.0,3.0,1.0,0.0,1.0,2.0,1.0,2.0,4.0,2.0,3.0,1.0,1.0,1.0,1.0,1.0,3.0,3.0,1.0,0.0,1.0,3.0,3.0,2.0,4.0,2.0,0.8666666666666667,0.8541666666666667,11,10,19,16,16,15,14,11,3,3,8,7,11,8,8,8,0.9090909090909091,0.8421052631578947,0.9375,0.7857142857142857,1.0,0.875,0.7272727272727273,1.0
79,jcwudcsi,7c1iwaxh,62,50,6.0,1.0,1.0,1.0,4.0,6.0,4.0,1.0,1.0,2.0,2.0,5.0,10.0,1.0,1.0,4.0,6.0,1.0,1.0,2.0,5.0,7.0,5.0,1.0,1.0,3.0,4.0,8.0,10.0,1.0,1.0,6.0,0.8064516129032258,0.8384672619047618,26,19,36,31,38,29,24,21,7,5,19,14,17,16,19,15,0.7307692307692307,0.8611111111111112,0.7631578947368421,0.875,0.7142857142857143,0.7368421052631579,0.9411764705882353,0.7894736842105263
80,k16prxrv,lefz84r6,24,22,1.0,1.0,1.0,1.0,1.0,1.0,1.0,,1.0,2.0,1.0,1.0,6.0,2.0,1.0,1.0,1.0,1.0,1.0,1.0,1.0,1.0,1.0,,3.0,2.0,1.0,1.0,6.0,2.0,1.0,1.0,0.9166666666666666,0.8958333333333333,11,9,13,13,8,8,16,14,7,5,4,4,9,9,4,4,0.8181818181818182,1.0,1.0,0.875,0.7142857142857143,1.0,1.0,1.0
81,k1nuwgre,xoaxn8b5,72,52,7.0,4.0,7.0,3.0,2.0,3.0,3.0,1.0,2.0,3.0,1.0,5.0,2.0,4.0,3.0,2.0,14.0,7.0,8.0,4.0,2.0,3.0,4.0,2.0,2.0,4.0,1.0,7.0,2.0,6.0,3.0,3.0,0.7222222222222222,0.796502976190476,47,32,25,20,40,27,32,25,18,15,29,17,14,10,11,10,0.6808510638297872,0.8,0.675,0.78125,0.8333333333333334,0.5862068965517241,0.7142857142857143,0.9090909090909091
82,kfbtu7hs,udqawmho,46,43,2.0,6.0,4.0,2.0,10.0,2.0,2.0,3.0,1.0,1.0,3.0,1.0,1.0,1.0,2.0,2.0,3.0,6.0,5.0,2.0,10.0,2.0,2.0,3.0,1.0,1.0,3.0,1.0,1.0,2.0,2.0,2.0,0.9347826086956522,0.9354166666666667,22,20,24,23,29,28,17,15,9,8,13,12,8,7,16,16,0.9090909090909091,0.9583333333333334,0.9655172413793104,0.8823529411764706,0.8888888888888888,0.9230769230769231,0.875,1.0
83,kis1cgd1,kr4oy9m9,31,24,1.0,1.0,2.0,2.0,1.0,2.0,2.0,2.0,1.0,1.0,0.0,2.0,1.0,2.0,3.0,1.0,1.0,1.0,2.0,2.0,1.0,2.0,2.0,4.0,1.0,1.0,3.0,2.0,2.0,2.0,3.0,2.0,0.7741935483870968,0.84375,13,10,18,14,15,11,16,13,6,6,7,4,10,7,8,7,0.7692307692307693,0.7777777777777778,0.7333333333333333,0.8125,1.0,0.5714285714285714,0.7,0.875
84,lpyl9zxs,1smtcyle,24,22,1.0,1.0,3.0,1.0,1.0,0.0,1.0,0.0,0.0,2.0,1.0,2.0,2.0,2.0,2.0,3.0,1.0,1.0,3.0,1.0,1.0,0.0,1.0,0.0,0.0,2.0,1.0,2.0,2.0,2.0,2.0,5.0,0.9166666666666666,0.7875,11,11,13,11,13,11,11,11,6,6,5,5,5,5,8,6,1.0,0.8461538461538461,0.8461538461538461,1.0,1.0,1.0,1.0,0.75
85,lq8ir6yc,6vas0mym,46,21,1.0,2.0,2.0,1.0,1.0,1.0,1.0,1.0,0.0,4.0,1.0,2.0,1.0,1.0,1.0,1.0,1.0,3.0,9.0,3.0,1.0,5.0,5.0,2.0,0.0,6.0,1.0,2.0,3.0,2.0,1.0,2.0,0.45652173913043476,0.570138888888889,25,13,21,8,16,10,30,11,18,7,7,6,12,4,9,4,0.52,0.38095238095238093,0.625,0.36666666666666664,0.3888888888888889,0.8571428571428571,0.3333333333333333,0.4444444444444444
86,lr760p37,emxl0g1y,69,48,5.0,4.0,2.0,4.0,1.0,2.0,5.0,2.0,2.0,0.0,1.0,2.0,2.0,7.0,5.0,4.0,5.0,4.0,4.0,6.0,1.0,4.0,5.0,2.0,2.0,0.0,1.0,2.0,5.0,15.0,6.0,7.0,0.6956521739130435,0.7461309523809524,24,20,45,28,30,24,39,24,12,8,12,12,27,16,18,12,0.8333333333333334,0.6222222222222222,0.8,0.6153846153846154,0.6666666666666666,1.0,0.5925925925925926,0.6666666666666666
87,lrudk12l,bimhco1q,54,45,2.0,3.0,3.0,1.0,3.0,4.0,1.0,5.0,2.0,3.0,3.0,3.0,5.0,2.0,4.0,1.0,5.0,5.0,4.0,2.0,3.0,5.0,1.0,5.0,2.0,4.0,3.0,3.0,5.0,2.0,4.0,1.0,0.8333333333333334,0.8625,28,20,26,25,29,23,25,22,12,9,16,11,13,13,13,12,0.7142857142857143,0.9615384615384616,0.7931034482758621,0.88,0.75,0.6875,1.0,0.9230769230769231
88,m9h3ox2w,udqawmho,45,30,1.0,4.0,2.0,4.0,4.0,1.0,1.0,5.0,1.0,1.0,1.0,1.0,1.0,1.0,1.0,1.0,2.0,8.0,2.0,5.0,5.0,2.0,3.0,5.0,2.0,1.0,2.0,2.0,1.0,1.0,2.0,2.0,0.6666666666666666,0.6833333333333333,24,15,21,15,25,14,20,16,10,8,14,7,10,8,11,7,0.625,0.7142857142857143,0.56,0.8,0.8,0.5,0.8,0.6363636363636364
89,mpm9xw53,mwzdrrir,39,37,2.0,1.0,0.0,0.0,1.0,2.0,1.0,3.0,1.0,0.0,3.0,0.0,5.0,12.0,1.0,5.0,3.0,2.0,0.0,0.0,1.0,2.0,1.0,3.0,1.0,0.0,3.0,0.0,5.0,12.0,1.0,5.0,0.9487179487179487,0.6979166666666666,9,7,30,30,17,15,22,22,1,1,8,6,21,21,9,9,0.7777777777777778,1.0,0.8823529411764706,1.0,1.0,0.75,1.0,1.0
90,mso2hnxy,6nye0rx2,30,26,1.0,2.0,1.0,2.0,1.0,3.0,1.0,2.0,0.0,2.0,1.0,4.0,1.0,2.0,1.0,2.0,1.0,2.0,1.0,2.0,1.0,5.0,1.0,3.0,0.0,2.0,1.0,5.0,1.0,2.0,1.0,2.0,0.8666666666666667,0.8791666666666667,14,13,16,13,18,15,12,11,5,5,9,8,7,6,9,7,0.9285714285714286,0.8125,0.8333333333333334,0.9166666666666666,1.0,0.8888888888888888,0.8571428571428571,0.7777777777777778
91,n0k5kr9f,xros1iar,37,28,1.0,4.0,0.0,2.0,1.0,1.0,0.0,1.0,1.0,2.0,4.0,1.0,5.0,0.0,3.0,2.0,2.0,4.0,1.0,3.0,2.0,1.0,0.0,1.0,2.0,2.0,5.0,2.0,5.0,0.0,4.0,3.0,0.7567567567567568,0.6177083333333332,21,15,16,13,23,17,14,11,8,5,13,10,6,6,10,7,0.7142857142857143,0.8125,0.7391304347826086,0.7857142857142857,0.625,0.7692307692307693,1.0,0.7
92,ncqpgsae,lefz84r6,21,15,1.0,1.0,0.0,1.0,1.0,1.0,1.0,1.0,1.0,1.0,1.0,0.0,3.0,1.0,1.0,0.0,2.0,1.0,0.0,1.0,1.0,4.0,2.0,1.0,1.0,1.0,1.0,0.0,3.0,2.0,1.0,0.0,0.7142857142857143,0.671875,7,6,14,9,10,6,11,9,3,3,4,3,8,6,6,3,0.8571428571428571,0.6428571428571429,0.6,0.8181818181818182,1.0,0.75,0.75,0.5
93,ndthb5o5,j8kl8j9f,105,84,14.0,2.0,6.0,1.0,11.0,12.0,5.0,4.0,2.0,5.0,1.0,1.0,5.0,4.0,6.0,5.0,14.0,3.0,6.0,9.0,13.0,14.0,5.0,4.0,2.0,5.0,3.0,1.0,8.0,6.0,7.0,5.0,0.8,0.8102010836385837,43,32,62,52,60,52,45,32,22,14,21,18,23,18,39,34,0.7441860465116279,0.8387096774193549,0.8666666666666667,0.7111111111111111,0.6363636363636364,0.8571428571428571,0.782608695652174,0.8717948717948718
94,of1k6stw,s3mxv2mt,39,24,1.0,1.0,2.0,1.0,2.0,2.0,4.0,1.0,2.0,0.0,2.0,1.0,2.0,1.0,1.0,1.0,1.0,1.0,2.0,1.0,2.0,2.0,5.0,2.0,7.0,1.0,2.0,2.0,3.0,6.0,1.0,1.0,0.6153846153846154,0.7449404761904761,17,10,22,14,12,11,27,13,11,5,6,5,16,8,6,6,0.5882352941176471,0.6363636363636364,0.9166666666666666,0.48148148148148145,0.45454545454545453,0.8333333333333334,0.5,1.0
95,ojhcko8z,tr7j8p5u,27,19,4.0,1.0,0.0,1.0,2.0,0.0,0.0,2.0,1.0,2.0,1.0,2.0,1.0,1.0,0.0,1.0,4.0,2.0,0.0,1.0,2.0,0.0,3.0,3.0,1.0,2.0,4.0,2.0,1.0,1.0,0.0,1.0,0.7037037037037037,0.6510416666666667,16,12,11,7,15,11,12,8,4,4,12,8,8,4,3,3,0.75,0.6363636363636364,0.7333333333333333,0.6666666666666666,1.0,0.6666666666666666,0.5,1.0
96,ovxrrbqb,bimhco1q,48,44,4.0,0.0,8.0,2.0,1.0,10.0,2.0,5.0,2.0,3.0,1.0,1.0,1.0,1.0,0.0,3.0,4.0,3.0,9.0,2.0,1.0,10.0,2.0,5.0,2.0,3.0,1.0,1.0,1.0,1.0,0.0,3.0,0.9166666666666666,0.8680555555555556,25,21,23,23,23,20,25,24,16,15,9,6,9,9,14,14,0.84,1.0,0.8695652173913043,0.96,0.9375,0.6666666666666666,1.0,1.0
97,p3mviqe5,6nye0rx2,23,19,1.0,1.0,2.0,1.0,1.0,1.0,2.0,1.0,1.0,1.0,1.0,1.0,2.0,1.0,1.0,1.0,1.0,1.0,2.0,1.0,1.0,1.0,2.0,2.0,1.0,1.0,1.0,3.0,2.0,2.0,1.0,1.0,0.8260869565217391,0.8958333333333334,11,9,12,10,10,8,13,11,5,5,6,4,8,6,4,4,0.8181818181818182,0.8333333333333334,0.8,0.8461538461538461,1.0,0.6666666666666666,0.75,1.0
98,pcpsbwom,lefz84r6,54,48,4.0,3.0,1.0,3.0,1.0,1.0,4.0,2.0,2.0,2.0,3.0,2.0,1.0,2.0,13.0,4.0,9.0,3.0,1.0,3.0,1.0,1.0,4.0,3.0,2.0,2.0,3.0,2.0,1.0,2.0,13.0,4.0,0.8888888888888888,0.9444444444444444,25,20,29,28,36,31,18,17,8,8,17,12,10,9,19,19,0.8,0.9655172413793104,0.8611111111111112,0.9444444444444444,1.0,0.7058823529411765,0.9,1.0
99,ppg08wqv,kr4oy9m9,36,28,1.0,1.0,2.0,1.0,2.0,1.0,3.0,1.0,1.0,2.0,3.0,2.0,3.0,1.0,2.0,2.0,2.0,1.0,2.0,1.0,2.0,1.0,3.0,3.0,1.0,2.0,3.0,2.0,6.0,1.0,3.0,3.0,0.7777777777777778,0.8541666666666665,14,13,22,15,17,14,19,14,6,6,8,7,13,8,9,7,0.9285714285714286,0.6818181818181818,0.8235294117647058,0.7368421052631579,1.0,0.875,0.6153846153846154,0.7777777777777778
100,ppv7xn23,7c1iwaxh,55,29,1.0,1.0,1.0,1.0,2.0,5.0,1.0,1.0,2.0,1.0,2.0,3.0,1.0,0.0,2.0,5.0,3.0,2.0,1.0,1.0,6.0,9.0,5.0,1.0,2.0,7.0,5.0,3.0,1.0,0.0,2.0,7.0,0.5272727272727272,0.6362103174603174,24,12,31,17,37,21,18,8,11,5,13,7,7,3,24,14,0.5,0.5483870967741935,0.5675675675675675,0.4444444444444444,0.45454545454545453,0.5384615384615384,0.42857142857142855,0.5833333333333334
101,pq3kczia,hq3wc0gn,66,40,2.0,2.0,3.0,2.0,5.0,2.0,3.0,3.0,2.0,3.0,1.0,3.0,1.0,3.0,2.0,3.0,3.0,2.0,4.0,2.0,11.0,4.0,6.0,7.0,3.0,5.0,1.0,4.0,1.0,8.0,2.0,3.0,0.6060606060606061,0.7307156385281386,24,18,42,22,30,20,36,20,14,10,10,8,22,10,20,12,0.75,0.5238095238095238,0.6666666666666666,0.5555555555555556,0.7142857142857143,0.8,0.45454545454545453,0.6
102,q0cuufh4,emxl0g1y,62,46,3.0,2.0,3.0,3.0,2.0,4.0,5.0,2.0,2.0,2.0,2.0,4.0,4.0,2.0,3.0,3.0,3.0,3.0,5.0,5.0,2.0,5.0,7.0,2.0,2.0,2.0,2.0,5.0,6.0,5.0,4.0,4.0,0.7419354838709677,0.7967261904761905,27,21,35,25,28,23,34,23,14,10,13,11,20,13,15,12,0.7777777777777778,0.7142857142857143,0.8214285714285714,0.6764705882352942,0.7142857142857143,0.8461538461538461,0.65,0.8
103,qkfcw2d5,kr4oy9m9,31,25,1.0,1.0,2.0,0.0,1.0,2.0,1.0,2.0,0.0,1.0,1.0,2.0,6.0,1.0,3.0,1.0,1.0,2.0,2.0,0.0,1.0,2.0,3.0,2.0,0.0,1.0,3.0,2.0,6.0,1.0,4.0,1.0,0.8064516129032258,0.7447916666666666,11,8,20,17,16,12,15,13,3,3,8,5,12,10,8,7,0.7272727272727273,0.85,0.75,0.8666666666666667,1.0,0.625,0.8333333333333334,0.875
104,rk5v2deu,wdt8k9cv,46,36,1.0,0.0,2.0,3.0,1.0,1.0,3.0,3.0,3.0,2.0,2.0,1.0,3.0,5.0,3.0,3.0,1.0,0.0,2.0,3.0,2.0,2.0,5.0,4.0,4.0,3.0,3.0,2.0,3.0,5.0,3.0,4.0,0.782608695652174,0.7302083333333333,18,14,28,22,17,12,29,24,12,10,6,4,17,14,11,8,0.7777777777777778,0.7857142857142857,0.7058823529411765,0.8275862068965517,0.8333333333333334,0.6666666666666666,0.8235294117647058,0.7272727272727273
105,rz1kdyvh,esajw93t,36,30,1.0,1.0,2.0,2.0,3.0,2.0,2.0,1.0,2.0,3.0,1.0,1.0,2.0,3.0,2.0,2.0,2.0,1.0,4.0,2.0,3.0,3.0,2.0,1.0,2.0,3.0,1.0,1.0,3.0,3.0,3.0,2.0,0.8333333333333334,0.875,16,13,20,17,16,13,20,17,11,9,5,4,9,8,11,9,0.8125,0.85,0.8125,0.85,0.8181818181818182,0.8,0.8888888888888888,0.8181818181818182
106,s41cm0pf,6vas0mym,49,32,2.0,2.0,1.0,2.0,1.0,4.0,4.0,2.0,2.0,2.0,1.0,0.0,2.0,2.0,1.0,4.0,2.0,4.0,7.0,2.0,1.0,4.0,6.0,3.0,2.0,6.0,1.0,0.0,2.0,4.0,1.0,4.0,0.6530612244897959,0.7380952380952381,24,12,25,20,17,15,32,17,17,7,7,5,15,10,10,10,0.5,0.8,0.8823529411764706,0.53125,0.4117647058823529,0.7142857142857143,0.6666666666666666,1.0
107,s4p1ji1d,s3mxv2mt,36,33,3.0,1.0,0.0,1.0,2.0,1.0,1.0,3.0,3.0,3.0,2.0,4.0,2.0,4.0,1.0,2.0,3.0,1.0,0.0,1.0,2.0,1.0,2.0,3.0,3.0,3.0,2.0,4.0,2.0,6.0,1.0,2.0,0.9166666666666666,0.8854166666666666,17,17,19,16,16,16,20,17,7,7,10,10,13,10,6,6,1.0,0.8421052631578947,1.0,0.85,1.0,1.0,0.7692307692307693,1.0
108,shu0kln7,esajw93t,30,21,1.0,1.0,4.0,1.0,1.0,1.0,2.0,2.0,1.0,1.0,1.0,1.0,2.0,1.0,0.0,1.0,1.0,1.0,4.0,1.0,5.0,6.0,2.0,2.0,1.0,1.0,1.0,1.0,2.0,1.0,0.0,1.0,0.7,0.8354166666666667,11,11,19,10,16,7,14,14,7,7,4,4,7,7,12,3,1.0,0.5263157894736842,0.4375,1.0,1.0,1.0,1.0,0.25
109,sqs83230,s3mxv2mt,37,29,1.0,1.0,1.0,1.0,1.0,1.0,2.0,2.0,5.0,2.0,1.0,1.0,2.0,6.0,1.0,1.0,1.0,2.0,1.0,1.0,1.0,1.0,5.0,2.0,8.0,2.0,1.0,1.0,2.0,6.0,1.0,2.0,0.7837837837837838,0.8765625,17,13,20,16,10,8,27,21,12,9,5,4,15,12,5,4,0.7647058823529411,0.8,0.8,0.7777777777777778,0.75,0.8,0.8,0.8
110,sssfnqxi,8uz9cuas,32,31,1.0,2.0,2.0,2.0,2.0,1.0,2.0,2.0,2.0,3.0,2.0,3.0,1.0,3.0,1.0,2.0,1.0,2.0,2.0,2.0,2.0,1.0,2.0,2.0,2.0,3.0,2.0,3.0,2.0,3.0,1.0,2.0,0.96875,0.96875,17,17,15,14,14,14,18,17,9,9,8,8,9,8,6,6,1.0,0.9333333333333333,1.0,0.9444444444444444,1.0,1.0,0.8888888888888888,1.0
111,t1v35h1f,bn8iy0dx,22,18,0.0,1.0,0.0,3.0,1.0,1.0,2.0,0.0,1.0,0.0,1.0,4.0,1.0,1.0,1.0,1.0,0.0,2.0,1.0,4.0,1.0,1.0,2.0,0.0,1.0,0.0,1.0,5.0,1.0,1.0,1.0,1.0,0.8181818181818182,0.690625,14,10,8,8,12,10,10,8,6,4,8,6,4,4,4,4,0.7142857142857143,1.0,0.8333333333333334,0.8,0.6666666666666666,0.75,1.0,1.0
112,t5845qv3,8uz9cuas,22,20,1.0,1.0,4.0,2.0,0.0,2.0,1.0,1.0,1.0,1.0,1.0,1.0,2.0,0.0,1.0,1.0,1.0,1.0,4.0,2.0,0.0,2.0,1.0,1.0,1.0,1.0,1.0,1.0,2.0,1.0,1.0,2.0,0.9090909090909091,0.84375,12,12,10,8,9,8,13,12,8,8,4,4,5,4,5,4,1.0,0.8,0.8888888888888888,0.9230769230769231,1.0,1.0,0.8,0.8
113,t64s1ce9,tr7j8p5u,27,20,1.0,1.0,1.0,1.0,3.0,2.0,3.0,1.0,0.0,0.0,2.0,0.0,1.0,3.0,0.0,1.0,2.0,1.0,1.0,6.0,3.0,2.0,4.0,1.0,0.0,0.0,2.0,0.0,1.0,3.0,0.0,1.0,0.7407407407407407,0.6510416666666666,12,6,15,14,11,10,16,10,7,2,5,4,9,8,6,6,0.5,0.9333333333333333,0.9090909090909091,0.625,0.2857142857142857,0.8,0.8888888888888888,1.0
114,tqjiemxm,73kurx3q,46,34,1.0,1.0,1.0,1.0,1.0,2.0,4.0,3.0,2.0,1.0,0.0,1.0,1.0,8.0,3.0,4.0,2.0,2.0,2.0,1.0,1.0,4.0,5.0,3.0,2.0,2.0,0.0,1.0,1.0,8.0,7.0,5.0,0.7391304347826086,0.7205357142857144,12,8,34,26,22,13,24,21,7,5,5,3,17,16,17,10,0.6666666666666666,0.7647058823529411,0.5909090909090909,0.875,0.7142857142857143,0.6,0.9411764705882353,0.5882352941176471
115,u0rz9u6k,lefz84r6,38,36,2.0,3.0,1.0,1.0,0.0,2.0,1.0,2.0,8.0,1.0,3.0,2.0,2.0,1.0,2.0,5.0,3.0,3.0,1.0,1.0,0.0,2.0,1.0,2.0,8.0,1.0,3.0,2.0,2.0,2.0,2.0,5.0,0.9473684210526315,0.8854166666666666,22,21,16,15,20,19,18,17,11,11,11,10,7,6,9,9,0.9545454545454546,0.9375,0.95,0.9444444444444444,1.0,0.9090909090909091,0.8571428571428571,1.0
116,u34q1lqi,esajw93t,35,24,2.0,1.0,1.0,2.0,1.0,6.0,2.0,2.0,1.0,0.0,1.0,2.0,1.0,1.0,1.0,0.0,2.0,2.0,3.0,2.0,7.0,6.0,3.0,3.0,1.0,0.0,1.0,2.0,1.0,1.0,1.0,0.0,0.6857142857142857,0.7068452380952381,13,10,22,14,21,14,14,10,6,4,7,6,8,6,14,8,0.7692307692307693,0.6363636363636364,0.6666666666666666,0.7142857142857143,0.6666666666666666,0.8571428571428571,0.75,0.5714285714285714
117,u9702bel,6vas0mym,52,44,2.0,3.0,4.0,2.0,1.0,4.0,4.0,5.0,1.0,3.0,1.0,1.0,5.0,2.0,2.0,4.0,2.0,3.0,6.0,2.0,1.0,4.0,6.0,5.0,1.0,5.0,1.0,1.0,6.0,3.0,2.0,4.0,0.8461538461538461,0.9020833333333332,21,17,31,27,18,18,34,26,14,10,7,7,20,16,11,11,0.8095238095238095,0.8709677419354839,1.0,0.7647058823529411,0.7142857142857143,1.0,0.8,1.0
118,ub9rm6lg,bimhco1q,47,14,2.0,1.0,1.0,1.0,1.0,2.0,1.0,0.0,0.0,0.0,1.0,1.0,2.0,0.0,0.0,1.0,6.0,3.0,7.0,2.0,1.0,6.0,1.0,4.0,1.0,4.0,1.0,1.0,5.0,2.0,2.0,1.0,0.2978723404255319,0.4401785714285714,25,7,22,7,21,9,26,5,14,2,11,5,12,3,10,4,0.28,0.3181818181818182,0.42857142857142855,0.19230769230769232,0.14285714285714285,0.45454545454545453,0.25,0.4
119,ujnohb83,bb45y9nn,31,25,2.0,1.0,2.0,1.0,1.0,2.0,1.0,2.0,1.0,1.0,2.0,1.0,3.0,2.0,2.0,1.0,2.0,1.0,2.0,1.0,2.0,2.0,2.0,4.0,1.0,1.0,2.0,1.0,3.0,4.0,2.0,1.0,0.8064516129032258,0.875,11,11,20,14,13,12,18,13,5,5,6,6,13,8,7,6,1.0,0.7,0.9230769230769231,0.7222222222222222,1.0,1.0,0.6153846153846154,0.8571428571428571
120,umcy0gmw,j8kl8j9f,135,65,7.0,5.0,3.0,6.0,5.0,9.0,3.0,2.0,1.0,1.0,3.0,2.0,5.0,3.0,4.0,6.0,11.0,7.0,5.0,16.0,13.0,19.0,10.0,8.0,7.0,6.0,3.0,2.0,9.0,7.0,6.0,6.0,0.48148148148148145,0.5433916503817819,57,28,78,37,67,41,68,24,34,11,23,17,34,13,44,24,0.49122807017543857,0.47435897435897434,0.6119402985074627,0.35294117647058826,0.3235294117647059,0.7391304347826086,0.38235294117647056,0.5454545454545454
121,umxamr8p,hq3wc0gn,44,35,1.0,2.0,1.0,1.0,6.0,1.0,2.0,2.0,2.0,2.0,1.0,1.0,1.0,8.0,3.0,1.0,2.0,2.0,2.0,1.0,8.0,1.0,3.0,2.0,2.0,3.0,2.0,1.0,1.0,8.0,4.0,2.0,0.7954545454545454,0.8020833333333334,15,11,29,24,22,16,22,19,8,6,7,5,14,13,15,11,0.7333333333333333,0.8275862068965517,0.7272727272727273,0.8636363636363636,0.75,0.7142857142857143,0.9285714285714286,0.7333333333333333
122,uupa7hgi,emxl0g1y,69,37,1.0,4.0,5.0,1.0,1.0,3.0,1.0,1.0,0.0,1.0,1.0,2.0,4.0,6.0,3.0,3.0,2.0,5.0,7.0,4.0,3.0,5.0,5.0,2.0,0.0,1.0,2.0,3.0,5.0,13.0,6.0,6.0,0.5362318840579711,0.5203640109890111,24,15,45,22,32,18,37,19,12,7,12,8,25,12,20,10,0.625,0.4888888888888889,0.5625,0.5135135135135135,0.5833333333333334,0.6666666666666666,0.48,0.5
123,v3yhvs6w,bimhco1q,44,39,6.0,2.0,4.0,2.0,1.0,9.0,0.0,3.0,2.0,3.0,1.0,1.0,1.0,3.0,0.0,1.0,6.0,2.0,5.0,2.0,2.0,10.0,0.0,4.0,2.0,3.0,1.0,1.0,1.0,3.0,0.0,2.0,0.8863636363636364,0.778125,22,21,22,18,24,21,20,18,12,11,10,10,8,7,14,11,0.9545454545454546,0.8181818181818182,0.875,0.9,0.9166666666666666,1.0,0.875,0.7857142857142857
124,v4v82r1t,esajw93t,34,27,2.0,1.0,2.0,1.0,2.0,2.0,2.0,4.0,1.0,1.0,1.0,0.0,1.0,2.0,2.0,3.0,2.0,1.0,3.0,1.0,2.0,4.0,2.0,4.0,1.0,2.0,1.0,0.0,3.0,3.0,2.0,3.0,0.7941176470588235,0.7916666666666666,11,9,23,18,15,13,19,14,7,5,4,4,12,9,11,9,0.8181818181818182,0.782608695652174,0.8666666666666667,0.7368421052631579,0.7142857142857143,1.0,0.75,0.8181818181818182
125,va742qyr,xoaxn8b5,78,49,9.0,8.0,2.0,6.0,2.0,1.0,2.0,2.0,2.0,3.0,1.0,4.0,2.0,2.0,1.0,2.0,14.0,11.0,9.0,10.0,2.0,1.0,2.0,3.0,2.0,5.0,1.0,6.0,5.0,3.0,1.0,3.0,0.6282051282051282,0.7411886724386724,58,35,20,14,39,28,39,21,26,13,32,22,13,8,7,6,0.603448275862069,0.7,0.717948717948718,0.5384615384615384,0.5,0.6875,0.6153846153846154,0.8571428571428571
126,vakams8v,bimhco1q,40,26,3.0,4.0,1.0,2.0,1.0,2.0,1.0,3.0,1.0,1.0,1.0,1.0,0.0,0.0,4.0,1.0,5.0,6.0,6.0,2.0,1.0,3.0,1.0,5.0,1.0,2.0,1.0,1.0,1.0,0.0,4.0,1.0,0.65,0.7,24,14,16,12,22,17,18,9,11,5,13,9,7,4,9,8,0.5833333333333334,0.75,0.7727272727272727,0.5,0.45454545454545453,0.6923076923076923,0.5714285714285714,0.8888888888888888
127,vhke4l02,q32n8r51,37,33,2.0,1.0,1.0,3.0,1.0,1.0,2.0,2.0,2.0,1.0,1.0,2.0,2.0,4.0,3.0,5.0,2.0,1.0,2.0,3.0,1.0,1.0,2.0,2.0,2.0,1.0,1.0,2.0,3.0,6.0,3.0,5.0,0.8918918918918919,0.9270833333333333,14,13,23,20,16,16,21,17,8,7,6,6,13,10,10,10,0.9285714285714286,0.8695652173913043,1.0,0.8095238095238095,0.875,1.0,0.7692307692307693,1.0
128,vscxaw5h,mwzdrrir,63,45,1.0,1.0,0.0,0.0,2.0,2.0,13.0,2.0,0.0,1.0,3.0,7.0,1.0,10.0,1.0,1.0,17.0,1.0,0.0,0.0,3.0,2.0,13.0,2.0,0.0,1.0,3.0,7.0,1.0,11.0,1.0,1.0,0.7142857142857143,0.7271613190730838,29,13,34,32,35,18,28,27,1,1,28,12,27,26,7,6,0.4482758620689655,0.9411764705882353,0.5142857142857142,0.9642857142857143,1.0,0.42857142857142855,0.9629629629629629,0.8571428571428571
129,vsncpzan,j8kl8j9f,74,51,7.0,3.0,1.0,13.0,,6.0,0.0,8.0,1.0,3.0,1.0,1.0,2.0,4.0,,1.0,14.0,5.0,2.0,13.0,,12.0,1.0,9.0,1.0,3.0,3.0,1.0,3.0,6.0,,1.0,0.6891891891891891,0.6034722222222222,42,30,32,21,36,19,38,32,19,18,23,12,19,14,13,7,0.7142857142857143,0.65625,0.5277777777777778,0.8421052631578947,0.9473684210526315,0.5217391304347826,0.7368421052631579,0.5384615384615384
130,w43tb51s,bimhco1q,48,39,,4.0,9.0,2.0,1.0,5.0,1.0,5.0,1.0,5.0,1.0,1.0,1.0,1.0,1.0,1.0,,4.0,9.0,2.0,1.0,8.0,1.0,5.0,1.0,5.0,3.0,2.0,1.0,1.0,1.0,4.0,0.8125,0.7942708333333334,26,23,22,16,23,14,25,25,17,17,9,6,8,8,14,8,0.8846153846153846,0.7272727272727273,0.6086956521739131,1.0,1.0,0.6666666666666666,1.0,0.5714285714285714
131,w4t9oac8,6nye0rx2,23,17,1.0,1.0,1.0,1.0,1.0,2.0,1.0,3.0,0.0,1.0,0.0,2.0,1.0,2.0,0.0,0.0,3.0,1.0,1.0,1.0,2.0,4.0,1.0,3.0,0.0,1.0,0.0,3.0,1.0,2.0,0.0,0.0,0.7391304347826086,0.625,10,7,13,10,13,7,10,10,3,3,7,4,7,7,6,3,0.7,0.7692307692307693,0.5384615384615384,1.0,1.0,0.5714285714285714,1.0,0.5
132,w4w65tts,xros1iar,36,28,1.0,3.0,2.0,3.0,3.0,0.0,3.0,0.0,0.0,2.0,4.0,3.0,1.0,1.0,1.0,1.0,1.0,5.0,2.0,4.0,3.0,0.0,3.0,0.0,0.0,2.0,4.0,4.0,2.0,1.0,2.0,3.0,0.7777777777777778,0.6520833333333333,22,18,14,10,22,16,14,12,8,7,14,11,6,5,8,5,0.8181818181818182,0.7142857142857143,0.7272727272727273,0.8571428571428571,0.875,0.7857142857142857,0.8333333333333334,0.625
133,w9wkio73,8uz9cuas,24,19,1.0,1.0,2.0,1.0,1.0,1.0,1.0,1.0,1.0,1.0,1.0,1.0,2.0,1.0,1.0,2.0,2.0,1.0,3.0,1.0,1.0,1.0,2.0,1.0,1.0,1.0,1.0,1.0,3.0,2.0,1.0,2.0,0.7916666666666666,0.8645833333333333,11,9,13,10,10,9,14,10,6,5,5,4,8,5,5,5,0.8181818181818182,0.7692307692307693,0.9,0.7142857142857143,0.8333333333333334,0.8,0.625,1.0
134,wcmgbbxr,hq3wc0gn,59,51,1.0,1.0,1.0,1.0,7.0,3.0,3.0,7.0,2.0,7.0,1.0,2.0,1.0,10.0,2.0,2.0,1.0,1.0,1.0,1.0,7.0,4.0,4.0,9.0,3.0,8.0,1.0,2.0,1.0,12.0,2.0,2.0,0.864406779661017,0.9157986111111112,18,16,41,35,20,19,39,32,13,11,5,5,26,21,15,14,0.8888888888888888,0.8536585365853658,0.95,0.8205128205128205,0.8461538461538461,1.0,0.8076923076923077,0.9333333333333333
135,whspu2xs,1gdrtht3,44,37,1.0,9.0,1.0,1.0,2.0,1.0,2.0,4.0,0.0,7.0,1.0,1.0,1.0,1.0,1.0,4.0,1.0,12.0,1.0,1.0,2.0,3.0,2.0,5.0,0.0,7.0,1.0,1.0,1.0,1.0,2.0,4.0,0.8409090909090909,0.8364583333333333,24,21,20,16,26,20,18,17,9,9,15,12,9,8,11,8,0.875,0.8,0.7692307692307693,0.9444444444444444,1.0,0.8,0.8888888888888888,0.7272727272727273
136,wnsf0kcm,udqawmho,52,46,8.0,3.0,3.0,2.0,10.0,1.0,2.0,6.0,1.0,2.0,1.0,1.0,2.0,1.0,1.0,2.0,8.0,5.0,3.0,3.0,10.0,3.0,3.0,6.0,1.0,2.0,1.0,1.0,2.0,1.0,1.0,2.0,0.8846153846153846,0.8916666666666666,24,21,28,25,31,27,21,19,9,8,15,13,12,11,16,14,0.875,0.8928571428571429,0.8709677419354839,0.9047619047619048,0.8888888888888888,0.8666666666666667,0.9166666666666666,0.875
137,wq9mkywc,kr4oy9m9,31,28,1.0,1.0,1.0,0.0,1.0,3.0,1.0,3.0,1.0,2.0,2.0,2.0,4.0,0.0,3.0,3.0,1.0,1.0,1.0,0.0,2.0,3.0,1.0,4.0,1.0,2.0,2.0,2.0,4.0,1.0,3.0,3.0,0.9032258064516129,0.828125,10,10,21,18,17,16,14,12,4,4,6,6,10,8,11,10,1.0,0.8571428571428571,0.9411764705882353,0.8571428571428571,1.0,1.0,0.8,0.9090909090909091
138,x4qxke5b,xros1iar,42,31,2.0,3.0,3.0,4.0,3.0,1.0,1.0,2.0,2.0,2.0,1.0,1.0,2.0,1.0,1.0,2.0,2.0,5.0,3.0,6.0,3.0,1.0,1.0,2.0,2.0,2.0,4.0,5.0,2.0,1.0,1.0,2.0,0.7380952380952381,0.8572916666666666,29,18,13,13,23,14,19,17,13,11,16,7,6,6,7,7,0.6206896551724138,1.0,0.6086956521739131,0.8947368421052632,0.8461538461538461,0.4375,1.0,1.0
139,xac2cc6k,wdt8k9cv,35,24,1.0,1.0,0.0,0.0,1.0,1.0,3.0,2.0,2.0,2.0,4.0,1.0,1.0,1.0,1.0,3.0,1.0,1.0,1.0,1.0,1.0,2.0,4.0,4.0,3.0,2.0,5.0,1.0,2.0,2.0,1.0,4.0,0.6857142857142857,0.6854166666666667,15,11,20,13,16,13,19,11,7,4,8,7,12,7,8,6,0.7333333333333333,0.65,0.8125,0.5789473684210527,0.5714285714285714,0.875,0.5833333333333334,0.75
140,xp5usv0g,xoaxn8b5,66,39,7.0,5.0,4.0,2.0,1.0,1.0,2.0,2.0,0.0,3.0,3.0,3.0,1.0,1.0,2.0,2.0,15.0,8.0,8.0,2.0,1.0,1.0,5.0,2.0,0.0,4.0,3.0,6.0,3.0,3.0,3.0,2.0,0.5909090909090909,0.6609375000000001,46,27,20,12,39,24,27,15,14,9,32,18,13,6,7,6,0.5869565217391305,0.6,0.6153846153846154,0.5555555555555556,0.6428571428571429,0.5625,0.46153846153846156,0.8571428571428571
141,xuk85eu0,bb45y9nn,27,27,1.0,1.0,1.0,0.0,1.0,4.0,2.0,4.0,1.0,2.0,2.0,1.0,2.0,3.0,1.0,1.0,1.0,1.0,1.0,0.0,1.0,4.0,2.0,4.0,1.0,2.0,2.0,1.0,2.0,3.0,1.0,1.0,1.0,0.9375,9,9,18,18,12,12,15,15,4,4,5,5,11,11,7,7,1.0,1.0,1.0,1.0,1.0,1.0,1.0,1.0
142,xuzxlx5o,hq3wc0gn,56,34,1.0,0.0,2.0,1.0,5.0,1.0,2.0,4.0,2.0,1.0,1.0,1.0,2.0,6.0,2.0,3.0,1.0,0.0,2.0,1.0,7.0,3.0,5.0,10.0,2.0,5.0,1.0,2.0,2.0,9.0,3.0,3.0,0.6071428571428571,0.6800595238095237,14,9,42,25,20,14,36,20,10,6,4,3,26,14,16,11,0.6428571428571429,0.5952380952380952,0.7,0.5555555555555556,0.6,0.75,0.5384615384615384,0.6875
143,xyxug7i4,s3mxv2mt,25,19,0.0,1.0,0.0,1.0,0.0,0.0,2.0,2.0,4.0,2.0,0.0,0.0,2.0,3.0,1.0,1.0,0.0,1.0,0.0,1.0,0.0,0.0,2.0,2.0,7.0,2.0,0.0,0.0,2.0,5.0,2.0,1.0,0.76,0.5419642857142857,11,8,14,11,4,3,21,16,10,7,1,1,11,9,3,2,0.7272727272727273,0.7857142857142857,0.75,0.7619047619047619,0.7,1.0,0.8181818181818182,0.6666666666666666
144,ya55e95y,1gdrtht3,43,30,2.0,6.0,1.0,3.0,1.0,2.0,2.0,1.0,2.0,2.0,2.0,1.0,1.0,1.0,2.0,1.0,2.0,10.0,1.0,3.0,1.0,4.0,2.0,4.0,2.0,4.0,3.0,1.0,1.0,1.0,2.0,2.0,0.6976744186046512,0.8135416666666666,26,19,17,11,25,17,18,13,10,8,16,11,8,5,9,6,0.7307692307692307,0.6470588235294118,0.68,0.7222222222222222,0.8,0.6875,0.625,0.6666666666666666
145,yobf7uyr,lefz84r6,47,8,2.0,0.0,,0.0,1.0,0.0,0.0,0.0,0.0,0.0,1.0,1.0,1.0,1.0,1.0,0.0,7.0,1.0,,0.0,1.0,1.0,2.0,2.0,7.0,1.0,4.0,2.0,6.0,2.0,8.0,3.0,0.1702127659574468,0.1767113095238095,22,4,25,4,27,6,20,2,8,0,14,4,12,2,13,2,0.18181818181818182,0.16,0.2222222222222222,0.1,0.0,0.2857142857142857,0.16666666666666666,0.15384615384615385
146,z2t9aigg,1smtcyle,31,27,1.0,1.0,1.0,1.0,1.0,1.0,1.0,1.0,2.0,1.0,4.0,0.0,2.0,2.0,1.0,7.0,1.0,1.0,1.0,1.0,1.0,2.0,1.0,2.0,2.0,1.0,5.0,0.0,2.0,2.0,1.0,8.0,0.8709677419354839,0.8546875,12,11,19,16,19,16,12,11,5,5,7,6,7,6,12,10,0.9166666666666666,0.8421052631578947,0.8421052631578947,0.9166666666666666,1.0,0.8571428571428571,0.8571428571428571,0.8333333333333334
147,zdc564iv,1smtcyle,32,27,1.0,3.0,2.0,1.0,2.0,1.0,1.0,2.0,2.0,1.0,1.0,2.0,1.0,1.0,1.0,5.0,1.0,3.0,2.0,1.0,3.0,1.0,1.0,2.0,2.0,1.0,1.0,2.0,2.0,2.0,1.0,7.0,0.84375,0.8988095238095238,13,13,19,14,19,16,13,11,6,6,7,7,7,5,12,9,1.0,0.7368421052631579,0.8421052631578947,0.8461538461538461,1.0,1.0,0.7142857142857143,0.75
148,zmzmjisu,xros1iar,33,26,1.0,2.0,1.0,3.0,1.0,1.0,1.0,0.0,1.0,0.0,3.0,5.0,3.0,1.0,1.0,2.0,3.0,2.0,1.0,3.0,2.0,1.0,1.0,0.0,1.0,1.0,4.0,5.0,4.0,1.0,2.0,2.0,0.7878787878787878,0.7395833333333333,20,16,13,10,21,16,12,10,6,5,14,11,6,5,7,5,0.8,0.7692307692307693,0.7619047619047619,0.8333333333333334,0.8333333333333334,0.7857142857142857,0.8333333333333334,0.7142857142857143
149,zyvqd62b,s3mxv2mt,36,26,1.0,1.0,3.0,0.0,1.0,1.0,0.0,2.0,4.0,2.0,0.0,4.0,1.0,4.0,1.0,1.0,1.0,1.0,3.0,0.0,1.0,1.0,2.0,3.0,10.0,2.0,0.0,4.0,1.0,5.0,1.0,1.0,0.7222222222222222,0.7416666666666667,21,15,15,11,10,10,26,16,15,9,6,6,11,7,4,4,0.7142857142857143,0.7333333333333333,1.0,0.6153846153846154,0.6,1.0,0.6363636363636364,1.0
